id,title,year,query_title,movie_url
1,Inception,2010,Inception,/movie/bi/mi/basic.naver?code=52515
2,The Matrix,1999,The+Matrix,/movie/bi/mi/basic.naver?code=24452
3,Avengers: Infinity War,2018,Avengers%3A+Infinity+War,/movie/bi/mi/basic.naver?code=136315
4,Back to the Future,1985,Back+to+the+Future,/movie/bi/mi/basic.naver?code=10002
5,"The Good, the Bad and the Ugly",1966,The+Good%2C+the+Bad+and+the+Ugly,0
6,Spider-Man: Into the Spider-Verse,2018,Spider-Man%3A+Into+the+Spider-Verse,/movie/bi/mi/basic.naver?code=171725
9,Raiders of the Lost Ark,1981,Raiders+of+the+Lost+Ark,/movie/bi/mi/basic.naver?code=10033
11,Taxi Driver,1976,Taxi+Driver,/movie/bi/mi/basic.naver?code=10793
12,3 Idiots,2009,3+Idiots,/movie/bi/mi/basic.naver?code=73372
13,Pan's Labyrinth,2006,Pan%27s+Labyrinth,0
14,Room,2015,Room,0
17,Indiana Jones and the Last Crusade,1989,Indiana+Jones+and+the+Last+Crusade,/movie/bi/mi/basic.naver?code=10035
19,The King's Speech,2010,The+King%27s+Speech,0
20,Her,2013,Her,/movie/bi/mi/basic.naver?code=101950
21,There Will Be Blood,2007,There+Will+Be+Blood,/movie/bi/mi/basic.naver?code=66034
22,The Social Network,2010,The+Social+Network,/movie/bi/mi/basic.naver?code=64686
24,The Perks of Being a Wallflower,2012,The+Perks+of+Being+a+Wallflower,/movie/bi/mi/basic.naver?code=83213
26,Ex Machina,2015,Ex+Machina,/movie/bi/mi/basic.naver?code=118361
27,Silver Linings Playbook,2012,Silver+Linings+Playbook,/movie/bi/mi/basic.naver?code=82283
28,District 9,2009,District+9,/movie/bi/mi/basic.naver?code=64129
30,Moon,2009,Moon,/movie/bi/mi/basic.naver?code=53902
31,Marriage Story,2019,Marriage+Story,/movie/bi/mi/basic.naver?code=188056
32,Drive,2011,Drive,0
34,Incredibles 2,2018,Incredibles+2,/movie/bi/mi/basic.naver?code=136990
35,Dangal,2016,Dangal,/movie/bi/mi/basic.naver?code=157243
37,Minority Report,2002,Minority+Report,/movie/bi/mi/basic.naver?code=31788
41,Despicable Me,2010,Despicable+Me,/movie/bi/mi/basic.naver?code=73339
45,Indiana Jones and the Temple of Doom,1984,Indiana+Jones+and+the+Temple+of+Doom,/movie/bi/mi/basic.naver?code=10034
48,Senna,2010,Senna,/movie/bi/mi/basic.naver?code=77172
51,The Hateful Eight,2015,The+Hateful+Eight,/movie/bi/mi/basic.naver?code=124238
59,Snowpiercer,2013,Snowpiercer,/movie/bi/mi/basic.naver?code=62328
60,Hugo,2011,Hugo,/movie/bi/mi/basic.naver?code=74820
67,Molly's Game,2017,Molly%27s+Game,0
69,El Camino: A Breaking Bad Movie,2019,El+Camino%3A+A+Breaking+Bad+Movie,/movie/bi/mi/basic.naver?code=190004
72,End of Watch,2012,End+of+Watch,/movie/bi/mi/basic.naver?code=85351
79,Mud,2013,Mud,0
85,The Two Popes,2019,The+Two+Popes,/movie/bi/mi/basic.naver?code=189111
86,The Last Samurai,2003,The+Last+Samurai,/movie/bi/mi/basic.naver?code=37869
91,Dolemite Is My Name,2019,Dolemite+Is+My+Name,/movie/bi/mi/basic.naver?code=188990
92,Tarzan,1999,Tarzan,/movie/bi/mi/basic.naver?code=25266
96,Saving Mr. Banks,2013,Saving+Mr.+Banks,0
97,Icarus,2017,Icarus,/movie/bi/mi/basic.naver?code=159177
101,The Death of Stalin,2017,The+Death+of+Stalin,0
113,Extraction,2020,Extraction,/movie/bi/mi/basic.naver?code=192481
115,Blue Valentine,2010,Blue+Valentine,/movie/bi/mi/basic.naver?code=73588
117,Green Room,2015,Green+Room,/movie/bi/mi/basic.naver?code=130948
118,Kung Fu Panda 2,2011,Kung+Fu+Panda+2,/movie/bi/mi/basic.naver?code=73411
119,The Ballad of Buster Scruggs,2018,The+Ballad+of+Buster+Scruggs,/movie/bi/mi/basic.naver?code=178751
122,The Adventures of Tintin,2011,The+Adventures+of+Tintin,0
137,Solo: A Star Wars Story,2018,Solo%3A+A+Star+Wars+Story,/movie/bi/mi/basic.naver?code=144693
138,Steve Jobs,2015,Steve+Jobs,/movie/bi/mi/basic.naver?code=130757
140,The Croods,2013,The+Croods,/movie/bi/mi/basic.naver?code=79435
141,Locke,2014,Locke,0
143,Starred Up,2013,Starred+Up,/movie/bi/mi/basic.naver?code=113405
144,Mudbound,2017,Mudbound,/movie/bi/mi/basic.naver?code=158889
146,Blue Ruin,2013,Blue+Ruin,/movie/bi/mi/basic.naver?code=113021
155,Haider,2014,Haider,/movie/bi/mi/basic.naver?code=123293
157,Hush,2016,Hush,/movie/bi/mi/basic.naver?code=170508
158,Elizabeth,1998,Elizabeth,/movie/bi/mi/basic.naver?code=23923
164,The Autopsy of Jane Doe,2016,The+Autopsy+of+Jane+Doe,/movie/bi/mi/basic.naver?code=154461
165,Virunga,2014,Virunga,/movie/bi/mi/basic.naver?code=122638
167,The Master,2012,The+Master,0
168,A Serious Man,2009,A+Serious+Man,/movie/bi/mi/basic.naver?code=69984
170,The Breadwinner,2017,The+Breadwinner,/movie/bi/mi/basic.naver?code=167311
171,The Boy Who Harnessed the Wind,2019,The+Boy+Who+Harnessed+the+Wind,/movie/bi/mi/basic.naver?code=182051
174,Lawless,2012,Lawless,/movie/bi/mi/basic.naver?code=86319
179,The Mask of Zorro,1998,The+Mask+of+Zorro,/movie/bi/mi/basic.naver?code=19401
180,The Natural,1984,The+Natural,/movie/bi/mi/basic.naver?code=10241
182,Arthur Christmas,2011,Arthur+Christmas,/movie/bi/mi/basic.naver?code=81106
187,War Horse,2011,War+Horse,/movie/bi/mi/basic.naver?code=79315
190,A Most Violent Year,2014,A+Most+Violent+Year,/movie/bi/mi/basic.naver?code=118949
195,Insidious,2010,Insidious,/movie/bi/mi/basic.naver?code=78621
198,The Foreigner,2017,The+Foreigner,/movie/bi/mi/basic.naver?code=165791
199,The Danish Girl,2015,The+Danish+Girl,/movie/bi/mi/basic.naver?code=51787
201,Bird Box,2018,Bird+Box,/movie/bi/mi/basic.naver?code=171475
203,Hostiles,2017,Hostiles,/movie/bi/mi/basic.naver?code=158628
206,LA 92,2017,LA+92,/movie/bi/mi/basic.naver?code=162383
211,A Ghost Story,2017,A+Ghost+Story,/movie/bi/mi/basic.naver?code=158256
212,United 93,2006,United+93,/movie/bi/mi/basic.naver?code=57987
217,Enemy,2013,Enemy,/movie/bi/mi/basic.naver?code=102291
220,Indiana Jones and the Kingdom of the Crystal Skull,2008,Indiana+Jones+and+the+Kingdom+of+the+Crystal+Skull,/movie/bi/mi/basic.naver?code=34521
227,Angel Has Fallen,2019,Angel+Has+Fallen,/movie/bi/mi/basic.naver?code=163831
229,Mary Poppins Returns,2018,Mary+Poppins+Returns,/movie/bi/mi/basic.naver?code=151151
235,American Factory,2019,American+Factory,/movie/bi/mi/basic.naver?code=181977
236,Code 8,2019,Code+8,/movie/bi/mi/basic.naver?code=189712
237,Salt,2010,Salt,/movie/bi/mi/basic.naver?code=50669
238,The Hundred-Foot Journey,2014,The+Hundred-Foot+Journey,/movie/bi/mi/basic.naver?code=118374
241,Chasing Coral,2017,Chasing+Coral,/movie/bi/mi/basic.naver?code=159182
243,The One I Love,2014,The+One+I+Love,/movie/bi/mi/basic.naver?code=119271
249,The Willoughbys,2020,The+Willoughbys,/movie/bi/mi/basic.naver?code=193921
250,The White Helmets,2016,The+White+Helmets,0
258,The Battered Bastards of Baseball,2014,The+Battered+Bastards+of+Baseball,/movie/bi/mi/basic.naver?code=119273
261,Sinister,2012,Sinister,/movie/bi/mi/basic.naver?code=92415
264,The Stanford Prison Experiment,2015,The+Stanford+Prison+Experiment,/movie/bi/mi/basic.naver?code=129077
265,My Week with Marilyn,2011,My+Week+with+Marilyn,/movie/bi/mi/basic.naver?code=78719
267,Secret Superstar,2017,Secret+Superstar,/movie/bi/mi/basic.naver?code=166498
269,Jarhead,2005,Jarhead,/movie/bi/mi/basic.naver?code=50323
275,Olympus Has Fallen,2013,Olympus+Has+Fallen,/movie/bi/mi/basic.naver?code=95876
288,The Score,2001,The+Score,/movie/bi/mi/basic.naver?code=32899
295,The Highwaymen,2019,The+Highwaymen,/movie/bi/mi/basic.naver?code=183108
298,Creep 2,2017,Creep+2,/movie/bi/mi/basic.naver?code=167577
300,Unrest,2017,Unrest,/movie/bi/mi/basic.naver?code=159170
306,Blue Jay,2016,Blue+Jay,/movie/bi/mi/basic.naver?code=154434
307,1922,2017,1922,/movie/bi/mi/basic.naver?code=170419
309,Circus of Books,2019,Circus+of+Books,0
310,"Hail, Caesar!",2016,Hail%2C+Caesar%21,/movie/bi/mi/basic.naver?code=125457
320,Den of Thieves,2018,Den+of+Thieves,/movie/bi/mi/basic.naver?code=168036
321,Wadjda,2012,Wadjda,/movie/bi/mi/basic.naver?code=97721
322,The Spiderwick Chronicles,2008,The+Spiderwick+Chronicles,/movie/bi/mi/basic.naver?code=67366
324,Turbo,2013,Turbo,/movie/bi/mi/basic.naver?code=97826
328,Remember,2015,Remember,0
335,Delhi Belly,2011,Delhi+Belly,/movie/bi/mi/basic.naver?code=83404
338,It Comes at Night,2017,It+Comes+at+Night,/movie/bi/mi/basic.naver?code=158649
341,The Interview,2014,The+Interview,/movie/bi/mi/basic.naver?code=109928
343,Outbreak,1995,Outbreak,/movie/bi/mi/basic.naver?code=17040
348,Candyman,1992,Candyman,/movie/bi/mi/basic.naver?code=13041
350,Calibre,2018,Calibre,/movie/bi/mi/basic.naver?code=176596
358,Outlaw King,2018,Outlaw+King,/movie/bi/mi/basic.naver?code=171538
361,Krisha,2016,Krisha,0
366,The Cakemaker,2017,The+Cakemaker,/movie/bi/mi/basic.naver?code=165321
368,Bleed for This,2016,Bleed+for+This,/movie/bi/mi/basic.naver?code=130986
369,Girl,2018,Girl,/movie/bi/mi/basic.naver?code=175052
377,"Love, Rosie",2014,Love%2C+Rosie,/movie/bi/mi/basic.naver?code=107370
380,Super Dark Times,2017,Super+Dark+Times,/movie/bi/mi/basic.naver?code=160278
381,Tallulah,2016,Tallulah,/movie/bi/mi/basic.naver?code=143370
389,The Duchess,2008,The+Duchess,/movie/bi/mi/basic.naver?code=50704
397,The Sapphires,2012,The+Sapphires,/movie/bi/mi/basic.naver?code=95243
407,6 Underground,2019,6+Underground,/movie/bi/mi/basic.naver?code=189049
411,Suffragette,2015,Suffragette,/movie/bi/mi/basic.naver?code=122131
413,Terminator Salvation,2009,Terminator+Salvation,/movie/bi/mi/basic.naver?code=66520
426,Next Gen,2018,Next+Gen,/movie/bi/mi/basic.naver?code=168039
427,Cam,2018,Cam,/movie/bi/mi/basic.naver?code=177397
428,Divines,2016,Divines,/movie/bi/mi/basic.naver?code=151248
429,Shirkers,2018,Shirkers,/movie/bi/mi/basic.naver?code=172435
430,Underworld: Evolution,2006,Underworld%3A+Evolution,/movie/bi/mi/basic.naver?code=39471
433,Spitfire,2018,Spitfire,0
435,Dear Zindagi,2016,Dear+Zindagi,/movie/bi/mi/basic.naver?code=157292
441,Black Sea,2014,Black+Sea,/movie/bi/mi/basic.naver?code=118344
442,Ali's Wedding,2017,Ali%27s+Wedding,0
447,Badla,2019,Badla,/movie/bi/mi/basic.naver?code=184227
454,Spenser Confidential,2020,Spenser+Confidential,/movie/bi/mi/basic.naver?code=191686
463,The Runaways,2010,The+Runaways,/movie/bi/mi/basic.naver?code=66361
465,The Half of It,2020,The+Half+of+It,/movie/bi/mi/basic.naver?code=193488
468,What Lies Beneath,2000,What+Lies+Beneath,/movie/bi/mi/basic.naver?code=29691
472,One Day,2011,One+Day,0
476,The Grinch,2018,The+Grinch,/movie/bi/mi/basic.naver?code=150688
478,Beasts of No Nation,2015,Beasts+of+No+Nation,/movie/bi/mi/basic.naver?code=122490
486,Underworld: Rise of the Lycans,2009,Underworld%3A+Rise+of+the+Lycans,/movie/bi/mi/basic.naver?code=68071
487,Talaash,2012,Talaash,/movie/bi/mi/basic.naver?code=101004
491,Bee Movie,2007,Bee+Movie,/movie/bi/mi/basic.naver?code=56227
492,Trash,2014,Trash,/movie/bi/mi/basic.naver?code=114293
494,He's Just Not That Into You,2009,He%27s+Just+Not+That+Into+You,0
501,Bad Day for the Cut,2017,Bad+Day+for+the+Cut,/movie/bi/mi/basic.naver?code=159156
503,Soul Surfer,2011,Soul+Surfer,/movie/bi/mi/basic.naver?code=82413
510,Berlin Syndrome,2017,Berlin+Syndrome,/movie/bi/mi/basic.naver?code=158864
512,Big Miracle,2012,Big+Miracle,/movie/bi/mi/basic.naver?code=84163
516,Deep Impact,1998,Deep+Impact,/movie/bi/mi/basic.naver?code=19063
520,The Wandering Earth,2019,The+Wandering+Earth,0
523,Chappaquiddick,2018,Chappaquiddick,0
525,Mission Control: The Unsung Heroes of Apollo,2017,Mission+Control%3A+The+Unsung+Heroes+of+Apollo,0
536,World Trade Center,2006,World+Trade+Center,/movie/bi/mi/basic.naver?code=57994
539,My Scientology Movie,2016,My+Scientology+Movie,0
541,Mortal Kombat,1995,Mortal+Kombat,/movie/bi/mi/basic.naver?code=17708
548,Petta,2019,Petta,0
551,The Confirmation,2016,The+Confirmation,/movie/bi/mi/basic.naver?code=147093
552,The First Wives Club,1996,The+First+Wives+Club,/movie/bi/mi/basic.naver?code=17955
554,Free Fire,2017,Free+Fire,0
557,Cop Car,2015,Cop+Car,/movie/bi/mi/basic.naver?code=135011
563,Resident Evil: Extinction,2007,Resident+Evil%3A+Extinction,/movie/bi/mi/basic.naver?code=53825
564,American Assassin,2017,American+Assassin,/movie/bi/mi/basic.naver?code=100205
586,Breath,2017,Breath,/movie/bi/mi/basic.naver?code=167737
587,Kodachrome,2017,Kodachrome,/movie/bi/mi/basic.naver?code=158619
588,Operation Red Sea,2018,Operation+Red+Sea,0
591,Laggies,2014,Laggies,/movie/bi/mi/basic.naver?code=109954
598,Before I Wake,2016,Before+I+Wake,/movie/bi/mi/basic.naver?code=136878
600,Mountain,2018,Mountain,0
603,Tamasha,2015,Tamasha,/movie/bi/mi/basic.naver?code=144297
608,Dolphin Tale 2,2014,Dolphin+Tale+2,/movie/bi/mi/basic.naver?code=118375
610,I Am Bolt,2016,I+Am+Bolt,/movie/bi/mi/basic.naver?code=156131
611,Evolution,2001,Evolution,0
614,The Iron Lady,2011,The+Iron+Lady,/movie/bi/mi/basic.naver?code=76461
615,Son of a Gun,2014,Son+of+a+Gun,/movie/bi/mi/basic.naver?code=99778
620,The Rover,2014,The+Rover,/movie/bi/mi/basic.naver?code=101955
622,The Other Side of the Wind,2018,The+Other+Side+of+the+Wind,0
636,Elizabeth: The Golden Age,2007,Elizabeth%3A+The+Golden+Age,/movie/bi/mi/basic.naver?code=65091
637,37 Seconds,2019,37+Seconds,0
640,Dear John,2010,Dear+John,/movie/bi/mi/basic.naver?code=71623
645,13 Sins,2014,13+Sins,/movie/bi/mi/basic.naver?code=122963
650,Battle: Los Angeles,2011,Battle%3A+Los+Angeles,0
658,Survivor's Guide to Prison,2018,Survivor%27s+Guide+to+Prison,0
659,Transcendence,2014,Transcendence,/movie/bi/mi/basic.naver?code=104816
672,The Blackcoat's Daughter,2017,The+Blackcoat%27s+Daughter,0
680,From Paris with Love,2010,From+Paris+with+Love,/movie/bi/mi/basic.naver?code=71942
683,Pee-wee's Big Holiday,2016,Pee-wee%27s+Big+Holiday,0
684,Promised Land,2012,Promised+Land,/movie/bi/mi/basic.naver?code=97802
701,In the Shadow of the Moon,2019,In+the+Shadow+of+the+Moon,0
702,Mirror Mirror,2012,Mirror+Mirror,0
705,Brooklyn's Finest,2009,Brooklyn%27s+Finest,0
706,Wakefield,2017,Wakefield,0
707,Wish I Was Here,2014,Wish+I+Was+Here,/movie/bi/mi/basic.naver?code=109650
712,The Secret,2006,The+Secret,0
716,Horns,2013,Horns,0
717,Emelie,2016,Emelie,0
728,Animal World,2018,Animal+World,0
737,Johnny English Reborn,2011,Johnny+English+Reborn,/movie/bi/mi/basic.naver?code=82436
741,Morris from America,2016,Morris+from+America,0
744,Sweet Virginia,2017,Sweet+Virginia,/movie/bi/mi/basic.naver?code=152692
745,Chloe,2009,Chloe,/movie/bi/mi/basic.naver?code=71539
748,Roll Red Roll,2019,Roll+Red+Roll,0
749,All About Nina,2018,All+About+Nina,/movie/bi/mi/basic.naver?code=171542
760,47 Meters Down,2017,47+Meters+Down,/movie/bi/mi/basic.naver?code=152616
769,Cult of Chucky,2017,Cult+of+Chucky,/movie/bi/mi/basic.naver?code=158625
774,Jupiter Ascending,2015,Jupiter+Ascending,/movie/bi/mi/basic.naver?code=99096
779,Wildling,2018,Wildling,0
789,Dinner for Schmucks,2010,Dinner+for+Schmucks,/movie/bi/mi/basic.naver?code=53001
795,Resident Evil: Afterlife,2010,Resident+Evil%3A+Afterlife,/movie/bi/mi/basic.naver?code=53751
799,The Ballad of Lefty Brown,2017,The+Ballad+of+Lefty+Brown,/movie/bi/mi/basic.naver?code=168442
803,The Physician,2013,The+Physician,0
813,Maps to the Stars,2014,Maps+to+the+Stars,/movie/bi/mi/basic.naver?code=67514
825,The Tourist,2010,The+Tourist,/movie/bi/mi/basic.naver?code=51700
827,Menashe,2017,Menashe,/movie/bi/mi/basic.naver?code=158251
834,He Named Me Malala,2015,He+Named+Me+Malala,/movie/bi/mi/basic.naver?code=142340
836,Race to Witch Mountain,2009,Race+to+Witch+Mountain,/movie/bi/mi/basic.naver?code=47479
849,The Butterfly's Dream,2013,The+Butterfly%27s+Dream,0
857,The Great Hack,2019,The+Great+Hack,/movie/bi/mi/basic.naver?code=182064
859,Barry,2016,Barry,/movie/bi/mi/basic.naver?code=146406
867,Mean Dreams,2016,Mean+Dreams,/movie/bi/mi/basic.naver?code=154433
872,Pope Francis: A Man of His Word,2018,Pope+Francis%3A+A+Man+of+His+Word,/movie/bi/mi/basic.naver?code=174748
873,68 Kill,2018,68+Kill,0
890,Eli,2019,Eli,/movie/bi/mi/basic.naver?code=179976
892,Beyond Skyline,2017,Beyond+Skyline,/movie/bi/mi/basic.naver?code=80204
896,The Cloverfield Paradox,2018,The+Cloverfield+Paradox,/movie/bi/mi/basic.naver?code=163813
903,The Rum Diary,2011,The+Rum+Diary,/movie/bi/mi/basic.naver?code=65965
907,Knock Down the House,2019,Knock+Down+the+House,/movie/bi/mi/basic.naver?code=181984
908,Soorma,2018,Soorma,/movie/bi/mi/basic.naver?code=176727
911,Secret in Their Eyes,2015,Secret+in+Their+Eyes,/movie/bi/mi/basic.naver?code=134885
912,Bon Cop Bad Cop 2,2017,Bon+Cop+Bad+Cop+2,0
918,Automata,2014,Automata,/movie/bi/mi/basic.naver?code=103780
919,A Little Chaos,2015,A+Little+Chaos,0
928,Anon,2018,Anon,/movie/bi/mi/basic.naver?code=168010
946,Kabali,2016,Kabali,/movie/bi/mi/basic.naver?code=153305
951,War Machine,2017,War+Machine,/movie/bi/mi/basic.naver?code=143366
978,Equals,2015,Equals,/movie/bi/mi/basic.naver?code=127361
986,Susanne Bartsch: On Top,2017,Susanne+Bartsch%3A+On+Top,0
991,Goosebumps 2: Haunted Halloween,2018,Goosebumps+2%3A+Haunted+Halloween,/movie/bi/mi/basic.naver?code=172819
1004,A Tale of Love and Darkness,2015,A+Tale+of+Love+and+Darkness,/movie/bi/mi/basic.naver?code=133491
1009,Hop,2011,Hop,/movie/bi/mi/basic.naver?code=76454
1013,The Peacemaker,1997,The+Peacemaker,/movie/bi/mi/basic.naver?code=18586
1016,The Final Destination,2009,The+Final+Destination,/movie/bi/mi/basic.naver?code=53025
1036,Gemini,2018,Gemini,0
1053,Dream Boat,2017,Dream+Boat,/movie/bi/mi/basic.naver?code=160565
1054,A Family Man,2017,A+Family+Man,0
1055,The Outsider,2018,The+Outsider,0
1057,The Nutcracker and the Four Realms,2018,The+Nutcracker+and+the+Four+Realms,/movie/bi/mi/basic.naver?code=158622
1064,The Trust,2016,The+Trust,/movie/bi/mi/basic.naver?code=147090
1069,Rowdy Rathore,2012,Rowdy+Rathore,/movie/bi/mi/basic.naver?code=95586
1071,Girl on the Third Floor,2019,Girl+on+the+Third+Floor,/movie/bi/mi/basic.naver?code=189617
1076,13 Cameras,2015,13+Cameras,0
1090,Room on the Broom,2012,Room+on+the+Broom,/movie/bi/mi/basic.naver?code=109956
1100,Barbecue,2017,Barbecue,/movie/bi/mi/basic.naver?code=164661
1114,Closed Circuit,2013,Closed+Circuit,/movie/bi/mi/basic.naver?code=103235
1118,I'll See You in My Dreams,2015,I%27ll+See+You+in+My+Dreams,0
1122,OtherLife,2017,OtherLife,/movie/bi/mi/basic.naver?code=164687
1124,Cop Out,2010,Cop+Out,/movie/bi/mi/basic.naver?code=53308
1127,The Ivory Game,2016,The+Ivory+Game,/movie/bi/mi/basic.naver?code=154279
1145,The Vatican Tapes,2015,The+Vatican+Tapes,/movie/bi/mi/basic.naver?code=129079
1152,Close,2019,Close,0
1157,5 Flights Up,2014,5+Flights+Up,0
1171,The New Romantic,2018,The+New+Romantic,/movie/bi/mi/basic.naver?code=179274
1175,Mersal,2017,Mersal,0
1177,Mucize,2015,Mucize,0
1190,Becoming,2020,Becoming,/movie/bi/mi/basic.naver?code=193197
1200,Rangoon,2017,Rangoon,/movie/bi/mi/basic.naver?code=159705
1212,"Crouching Tiger, Hidden Dragon: Sword of Destiny",2016,Crouching+Tiger%2C+Hidden+Dragon%3A+Sword+of+Destiny,0
1222,Carrie,2002,Carrie,0
1233,Umrika,2015,Umrika,/movie/bi/mi/basic.naver?code=134584
1237,The Hurricane Heist,2018,The+Hurricane+Heist,0
1241,Barely Lethal,2015,Barely+Lethal,/movie/bi/mi/basic.naver?code=113398
1247,The International,2006,The+International,0
1273,Patrick,2018,Patrick,/movie/bi/mi/basic.naver?code=176590
1281,Chillar Party,2011,Chillar+Party,/movie/bi/mi/basic.naver?code=99900
1290,Long Shot,2017,Long+Shot,0
1301,Pandora,2016,Pandora,/movie/bi/mi/basic.naver?code=132933
1321,The Last Summer,2019,The+Last+Summer,/movie/bi/mi/basic.naver?code=192477
1324,Bobbi Jene,2017,Bobbi+Jene,/movie/bi/mi/basic.naver?code=162090
1333,Every Time I Die,2019,Every+Time+I+Die,/movie/bi/mi/basic.naver?code=182832
1347,Sad Hill Unearthed,2017,Sad+Hill+Unearthed,0
1353,Sex and the City 2,2010,Sex+and+the+City+2,/movie/bi/mi/basic.naver?code=53084
1360,Bushwick,2017,Bushwick,/movie/bi/mi/basic.naver?code=159154
1365,Race,2008,Race,0
1368,Asperger's Are Us,2016,Asperger%27s+Are+Us,0
1369,Hard Tide,2016,Hard+Tide,0
1387,Chernobyl Diaries,2012,Chernobyl+Diaries,/movie/bi/mi/basic.naver?code=91399
1409,Friend Request,2016,Friend+Request,/movie/bi/mi/basic.naver?code=146361
1420,Silent Hill: Revelation 3D,2012,Silent+Hill%3A+Revelation+3D,/movie/bi/mi/basic.naver?code=85544
1421,Hangman,2017,Hangman,/movie/bi/mi/basic.naver?code=162296
1428,Polar,2019,Polar,/movie/bi/mi/basic.naver?code=182729
1430,Ek Main Aur Ekk Tu,2012,Ek+Main+Aur+Ekk+Tu,/movie/bi/mi/basic.naver?code=89263
1437,Shimmer Lake,2017,Shimmer+Lake,/movie/bi/mi/basic.naver?code=163335
1439,Mohenjo Daro,2016,Mohenjo+Daro,/movie/bi/mi/basic.naver?code=153756
1449,She Hate Me,2004,She+Hate+Me,/movie/bi/mi/basic.naver?code=39352
1453,Lady Bloodfight,2016,Lady+Bloodfight,0
1456,Earthquake Bird,2019,Earthquake+Bird,/movie/bi/mi/basic.naver?code=189670
1457,Mohawk,2018,Mohawk,0
1459,Untamed Romania,2018,Untamed+Romania,0
1460,Sarkar,2018,Sarkar,0
1461,Bokeh,2017,Bokeh,/movie/bi/mi/basic.naver?code=159305
1471,Burn Out,2017,Burn+Out,/movie/bi/mi/basic.naver?code=167689
1491,Pachamama,2018,Pachamama,/movie/bi/mi/basic.naver?code=180970
1501,The Last Airbender,2010,The+Last+Airbender,/movie/bi/mi/basic.naver?code=52541
1523,Angela's Christmas,2017,Angela%27s+Christmas,0
1552,Agatha and the Truth of Murder,2018,Agatha+and+the+Truth+of+Murder,/movie/bi/mi/basic.naver?code=194407
1600,I Am Wrath,2016,I+Am+Wrath,/movie/bi/mi/basic.naver?code=102871
1607,Dragonheart: Vengeance,2020,Dragonheart%3A+Vengeance,0
1624,City of Tiny Lights,2016,City+of+Tiny+Lights,/movie/bi/mi/basic.naver?code=154430
1660,Mara,2018,Mara,/movie/bi/mi/basic.naver?code=178403
1668,Skin Trade,2014,Skin+Trade,/movie/bi/mi/basic.naver?code=115636
1688,The Roommate,2011,The+Roommate,0
1689,Doom: Annihilation,2019,Doom%3A+Annihilation,0
1690,Stephanie,2017,Stephanie,/movie/bi/mi/basic.naver?code=136841
1691,The Vault,2017,The+Vault,/movie/bi/mi/basic.naver?code=163827
1702,Yeh Ballet,2020,Yeh+Ballet,0
1704,Fukrey,2013,Fukrey,/movie/bi/mi/basic.naver?code=110350
1709,The Adderall Diaries,2016,The+Adderall+Diaries,0
1710,Psycho,2020,Psycho,0
1717,Ready,2011,Ready,/movie/bi/mi/basic.naver?code=101688
1723,Clinical,2017,Clinical,0
1731,First Kill,2017,First+Kill,/movie/bi/mi/basic.naver?code=162823
1744,The Bye Bye Man,2017,The+Bye+Bye+Man,/movie/bi/mi/basic.naver?code=149702
1752,Spy Kids: All the Time in the World,2011,Spy+Kids%3A+All+the+Time+in+the+World,/movie/bi/mi/basic.naver?code=78016
1766,Invisible Essence: The Little Prince,2018,Invisible+Essence%3A+The+Little+Prince,0
1790,Sister Cities,2016,Sister+Cities,/movie/bi/mi/basic.naver?code=144950
1802,The Black Prince,2017,The+Black+Prince,/movie/bi/mi/basic.naver?code=161237
1817,I Don't Know How She Does It,2011,I+Don%27t+Know+How+She+Does+It,0
1834,93 Days,2016,93+Days,/movie/bi/mi/basic.naver?code=154412
1871,Rocco,2016,Rocco,/movie/bi/mi/basic.naver?code=154595
1881,Inside Man: Most Wanted,2019,Inside+Man%3A+Most+Wanted,0
1895,Sahara,2017,Sahara,0
1934,7 Khoon Maaf,2011,7+Khoon+Maaf,/movie/bi/mi/basic.naver?code=83118
1948,Dragonheart 3: The Sorcerer's Curse,2015,Dragonheart+3%3A+The+Sorcerer%27s+Curse,0
1974,Judwaa 2,2017,Judwaa+2,/movie/bi/mi/basic.naver?code=168448
2003,Luv Shuv Tey Chicken Khurana,2012,Luv+Shuv+Tey+Chicken+Khurana,/movie/bi/mi/basic.naver?code=100582
2011,Ferrari Ki Sawaari,2012,Ferrari+Ki+Sawaari,/movie/bi/mi/basic.naver?code=95597
2017,Raja Natwarlal,2014,Raja+Natwarlal,0
2036,Albion: The Enchanted Stallion,2016,Albion%3A+The+Enchanted+Stallion,/movie/bi/mi/basic.naver?code=191595
2082,Duck Duck Goose,2018,Duck+Duck+Goose,/movie/bi/mi/basic.naver?code=149278
2124,Jarhead: Law of Return,2019,Jarhead%3A+Law+of+Return,0
2129,Cities of Last Things,2018,Cities+of+Last+Things,0
2141,The Crew,2015,The+Crew,0
2143,Dragonheart: Battle for the Heartfire,2017,Dragonheart%3A+Battle+for+the+Heartfire,0
2146,Annabelle Hooper and the Ghosts of Nantucket,2016,Annabelle+Hooper+and+the+Ghosts+of+Nantucket,0
2164,Mostly Sunny,2017,Mostly+Sunny,0
2166,The Bomb,2015,The+Bomb,0
2197,Kidnapping Stella,2019,Kidnapping+Stella,/movie/bi/mi/basic.naver?code=186402
2206,I'll Sleep When I'm Dead,2016,I%27ll+Sleep+When+I%27m+Dead,0
2238,Generation Iron 2,2017,Generation+Iron+2,/movie/bi/mi/basic.naver?code=163420
2257,All the Devil's Men,2018,All+the+Devil%27s+Men,0
2304,Thi Mai,2018,Thi+Mai,/movie/bi/mi/basic.naver?code=173213
2317,Monsters: Dark Continent,2014,Monsters%3A+Dark+Continent,/movie/bi/mi/basic.naver?code=121045
2320,Belief: The Possession of Janet Moses,2015,Belief%3A+The+Possession+of+Janet+Moses,0
2333,Malicious,2018,Malicious,0
2350,Justine,2019,Justine,0
2357,Made in China,2019,Made+in+China,0
2361,The Search for Life in Space,2016,The+Search+for+Life+in+Space,0
2397,Hide and Seek,2016,Hide+and+Seek,0
2398,Cabin Fever,2016,Cabin+Fever,/movie/bi/mi/basic.naver?code=130947
2401,Memory Games,2019,Memory+Games,0
2439,Dry Martina,2018,Dry+Martina,/movie/bi/mi/basic.naver?code=171024
2467,Sparring,2017,Sparring,/movie/bi/mi/basic.naver?code=166671
2517,Aliens Ate My Homework,2018,Aliens+Ate+My+Homework,0
2547,Dark Light,2019,Dark+Light,0
2596,A Perfect Man,2013,A+Perfect+Man,0
2612,The App,2019,The+App,0
2642,Water,2013,Water,0
2643,Backdraft 2,2019,Backdraft+2,0
2661,Planetarium,2016,Planetarium,/movie/bi/mi/basic.naver?code=147018
2675,Cop and a Half: New Recruit,2017,Cop+and+a+Half%3A+New+Recruit,0
2685,I Am Vengeance,2018,I+Am+Vengeance,0
2691,The Last Whistle,2019,The+Last+Whistle,0
2698,Blessed Benefit,2017,Blessed+Benefit,0
2700,Thank You,2011,Thank+You,/movie/bi/mi/basic.naver?code=85513
2706,Pickpockets,2018,Pickpockets,0
2757,Surviving Christmas with the Relatives,2018,Surviving+Christmas+with+the+Relatives,0
2773,Desolate,2019,Desolate,0
2808,Robin Hood: The Rebellion,2018,Robin+Hood%3A+The+Rebellion,/movie/bi/mi/basic.naver?code=180371
2839,S Storm,2016,S+Storm,0
2914,Viking Destiny,2018,Viking+Destiny,/movie/bi/mi/basic.naver?code=169683
2943,Chance Pe Dance,2010,Chance+Pe+Dance,0
2949,The Worthy,2016,The+Worthy,/movie/bi/mi/basic.naver?code=157137
2972,Ghanchakkar,2013,Ghanchakkar,/movie/bi/mi/basic.naver?code=108049
3007,Mumbai Matinee,2003,Mumbai+Matinee,0
3019,Bhasmasur,2017,Bhasmasur,0
3023,Autumn,2010,Autumn,0
3188,Jefe,2018,Jefe,/movie/bi/mi/basic.naver?code=182597
3234,Follow Me,2017,Follow+Me,0
3325,Rumble,2016,Rumble,/movie/bi/mi/basic.naver?code=165576
3365,MindGamers,2015,MindGamers,0
3377,Undercover Brother 2,2019,Undercover+Brother+2,0
3561,The Dark Knight,2008,The+Dark+Knight,/movie/bi/mi/basic.naver?code=62586
3563,Parasite,2019,Parasite,/movie/bi/mi/basic.naver?code=161967
3564,Good Will Hunting,1997,Good+Will+Hunting,/movie/bi/mi/basic.naver?code=19079
3566,Batman Begins,2005,Batman+Begins,/movie/bi/mi/basic.naver?code=37439
3569,Zombieland,2009,Zombieland,/movie/bi/mi/basic.naver?code=70453
3570,A Quiet Place,2018,A+Quiet+Place,/movie/bi/mi/basic.naver?code=168011
3576,Hunt for the Wilderpeople,2016,Hunt+for+the+Wilderpeople,/movie/bi/mi/basic.naver?code=146558
3580,The Conjuring,2013,The+Conjuring,/movie/bi/mi/basic.naver?code=92823
3581,Free Solo,2018,Free+Solo,/movie/bi/mi/basic.naver?code=179083
3582,Captain Fantastic,2016,Captain+Fantastic,/movie/bi/mi/basic.naver?code=127396
3588,How to Train Your Dragon: The Hidden World,2019,How+to+Train+Your+Dragon%3A+The+Hidden+World,/movie/bi/mi/basic.naver?code=109193
3590,Star Trek II: The Wrath of Khan,1982,Star+Trek+II%3A+The+Wrath+of+Khan,/movie/bi/mi/basic.naver?code=10075
3592,Booksmart,2019,Booksmart,/movie/bi/mi/basic.naver?code=183761
3593,Super 8,2011,Super+8,/movie/bi/mi/basic.naver?code=77039
3595,Coherence,2013,Coherence,/movie/bi/mi/basic.naver?code=116365
3596,Annihilation,2018,Annihilation,/movie/bi/mi/basic.naver?code=154236
3597,Heathers,1989,Heathers,/movie/bi/mi/basic.naver?code=14552
3598,The Descent,2005,The+Descent,0
3600,Fighting with My Family,2019,Fighting+with+My+Family,/movie/bi/mi/basic.naver?code=164901
3601,Bumblebee,2018,Bumblebee,/movie/bi/mi/basic.naver?code=164139
3603,Instant Family,2018,Instant+Family,/movie/bi/mi/basic.naver?code=172805
3608,Let Me In,2010,Let+Me+In,/movie/bi/mi/basic.naver?code=49726
3609,Three Identical Strangers,2018,Three+Identical+Strangers,/movie/bi/mi/basic.naver?code=172282
3610,A Simple Favor,2018,A+Simple+Favor,/movie/bi/mi/basic.naver?code=171452
3612,Loving Vincent,2017,Loving+Vincent,/movie/bi/mi/basic.naver?code=144379
3614,Honeyland,2019,Honeyland,/movie/bi/mi/basic.naver?code=182033
3616,Abominable,2019,Abominable,/movie/bi/mi/basic.naver?code=184356
3618,Hotel Mumbai,2018,Hotel+Mumbai,/movie/bi/mi/basic.naver?code=165022
3620,Ninja Scroll,1993,Ninja+Scroll,0
3624,Embrace of the Serpent,2015,Embrace+of+the+Serpent,0
3628,Notes on a Scandal,2006,Notes+on+a+Scandal,/movie/bi/mi/basic.naver?code=65244
3629,Star Trek VI: The Undiscovered Country,1991,Star+Trek+VI%3A+The+Undiscovered+Country,/movie/bi/mi/basic.naver?code=10079
3635,The Way Back,2010,The+Way+Back,/movie/bi/mi/basic.naver?code=52429
3638,The Biggest Little Farm,2019,The+Biggest+Little+Farm,0
3639,Lucky,2017,Lucky,/movie/bi/mi/basic.naver?code=165795
3642,If Beale Street Could Talk,2018,If+Beale+Street+Could+Talk,/movie/bi/mi/basic.naver?code=167446
3651,The Sisters Brothers,2018,The+Sisters+Brothers,0
3653,Monos,2019,Monos,/movie/bi/mi/basic.naver?code=182022
3657,Hud,1963,Hud,/movie/bi/mi/basic.naver?code=30220
3658,Vice,2018,Vice,/movie/bi/mi/basic.naver?code=168045
3662,Cartel Land,2015,Cartel+Land,/movie/bi/mi/basic.naver?code=134562
3666,The Next Three Days,2010,The+Next+Three+Days,/movie/bi/mi/basic.naver?code=72043
3667,Megan Leavey,2017,Megan+Leavey,/movie/bi/mi/basic.naver?code=144957
3677,I Can Only Imagine,2018,I+Can+Only+Imagine,/movie/bi/mi/basic.naver?code=169647
3680,Jane,2017,Jane,/movie/bi/mi/basic.naver?code=167338
3682,Hail Satan?,2019,Hail+Satan%3F,0
3683,Ingrid Goes West,2017,Ingrid+Goes+West,/movie/bi/mi/basic.naver?code=152698
3684,Dogman,2018,Dogman,/movie/bi/mi/basic.naver?code=174826
3685,Anthropoid,2016,Anthropoid,/movie/bi/mi/basic.naver?code=151740
3686,Missing Link,2019,Missing+Link,/movie/bi/mi/basic.naver?code=181692
3688,Cashback,2006,Cashback,/movie/bi/mi/basic.naver?code=63879
3690,The Absent One,2014,The+Absent+One,0
3691,Big Time Adolescence,2020,Big+Time+Adolescence,0
3695,Killer Joe,2011,Killer+Joe,/movie/bi/mi/basic.naver?code=82255
3697,The Wave,2015,The+Wave,0
3698,Colossal,2016,Colossal,/movie/bi/mi/basic.naver?code=143499
3699,Luce,2019,Luce,/movie/bi/mi/basic.naver?code=171451
3700,Oculus,2014,Oculus,0
3705,Prospect,2018,Prospect,/movie/bi/mi/basic.naver?code=172827
3706,Arbitrage,2012,Arbitrage,/movie/bi/mi/basic.naver?code=90930
3707,Plus One,2019,Plus+One,/movie/bi/mi/basic.naver?code=185318
3709,Amazing Grace,2018,Amazing+Grace,/movie/bi/mi/basic.naver?code=146068
3715,I Kill Giants,2018,I+Kill+Giants,0
3719,The Villainess,2017,The+Villainess,/movie/bi/mi/basic.naver?code=155256
3720,Europa Report,2013,Europa+Report,/movie/bi/mi/basic.naver?code=107304
3722,In the Fade,2017,In+the+Fade,0
3724,Christine,2016,Christine,/movie/bi/mi/basic.naver?code=137983
3725,Hearts Beat Loud,2018,Hearts+Beat+Loud,/movie/bi/mi/basic.naver?code=171453
3727,Angel of Mine,2019,Angel+of+Mine,/movie/bi/mi/basic.naver?code=180370
3729,Pawn Sacrifice,2015,Pawn+Sacrifice,0
3731,Ben Is Back,2018,Ben+Is+Back,/movie/bi/mi/basic.naver?code=171470
3733,No Strings Attached,2011,No+Strings+Attached,/movie/bi/mi/basic.naver?code=78160
3738,Operation Finale,2018,Operation+Finale,/movie/bi/mi/basic.naver?code=172771
3742,The Domestics,2018,The+Domestics,/movie/bi/mi/basic.naver?code=162236
3745,The Commuter,2018,The+Commuter,0
3749,Miss Stevens,2016,Miss+Stevens,/movie/bi/mi/basic.naver?code=147045
3754,The Keeper of Lost Causes,2013,The+Keeper+of+Lost+Causes,0
3755,Sea of Shadows,2019,Sea+of+Shadows,0
3760,What They Had,2018,What+They+Had,/movie/bi/mi/basic.naver?code=168038
3764,Every Day,2018,Every+Day,/movie/bi/mi/basic.naver?code=170824
3766,Brian Banks,2019,Brian+Banks,0
3769,Becoming Bond,2017,Becoming+Bond,/movie/bi/mi/basic.naver?code=158695
3770,After the Screaming Stops,2018,After+the+Screaming+Stops,/movie/bi/mi/basic.naver?code=180516
3773,The Frozen Ground,2013,The+Frozen+Ground,0
3779,Death Wish,2018,Death+Wish,/movie/bi/mi/basic.naver?code=158621
3783,"Love, Gilda",2018,Love%2C+Gilda,/movie/bi/mi/basic.naver?code=175446
3787,"Where'd You Go, Bernadette",2019,Where%27d+You+Go%2C+Bernadette,0
3794,First Girl I Loved,2016,First+Girl+I+Loved,/movie/bi/mi/basic.naver?code=146576
3798,Meek's Cutoff,2010,Meek%27s+Cutoff,0
3801,The Limehouse Golem,2016,The+Limehouse+Golem,/movie/bi/mi/basic.naver?code=140065
3806,Star Trek: The Motion Picture,1979,Star+Trek%3A+The+Motion+Picture,/movie/bi/mi/basic.naver?code=10074
3809,Southbound,2015,Southbound,/movie/bi/mi/basic.naver?code=146071
3811,American Ultra,2015,American+Ultra,/movie/bi/mi/basic.naver?code=117802
3812,Hellbound: Hellraiser II,1988,Hellbound%3A+Hellraiser+II,/movie/bi/mi/basic.naver?code=13826
3816,David Crosby: Remember My Name,2019,David+Crosby%3A+Remember+My+Name,0
3819,Marrowbone,2017,Marrowbone,/movie/bi/mi/basic.naver?code=152644
3822,Those People,2015,Those+People,/movie/bi/mi/basic.naver?code=149793
3826,Red Dog: True Blue,2016,Red+Dog%3A+True+Blue,/movie/bi/mi/basic.naver?code=159145
3827,Assassination Nation,2018,Assassination+Nation,/movie/bi/mi/basic.naver?code=158608
3830,I Remember You,2017,I+Remember+You,/movie/bi/mi/basic.naver?code=169635
3840,Grabbers,2012,Grabbers,/movie/bi/mi/basic.naver?code=90947
3843,Little Woods,2018,Little+Woods,/movie/bi/mi/basic.naver?code=168014
3852,The 33,2015,The+33,/movie/bi/mi/basic.naver?code=113352
3853,Mike Wallace Is Here,2019,Mike+Wallace+Is+Here,0
3857,The Man Who Killed Hitler and Then the Bigfoot,2019,The+Man+Who+Killed+Hitler+and+Then+the+Bigfoot,0
3861,Toni Morrison: The Pieces I Am,2019,Toni+Morrison%3A+The+Pieces+I+Am,/movie/bi/mi/basic.naver?code=182066
3863,Dog Days,2018,Dog+Days,/movie/bi/mi/basic.naver?code=168031
3864,Monsters and Men,2018,Monsters+and+Men,/movie/bi/mi/basic.naver?code=172300
3865,The Canal,2014,The+Canal,/movie/bi/mi/basic.naver?code=122652
3866,Leap Year,2010,Leap+Year,/movie/bi/mi/basic.naver?code=72222
3869,The League of Extraordinary Gentlemen,2003,The+League+of+Extraordinary+Gentlemen,/movie/bi/mi/basic.naver?code=36343
3870,Hello I Must Be Going,2012,Hello+I+Must+Be+Going,/movie/bi/mi/basic.naver?code=90968
3871,Two Trains Runnin',2016,Two+Trains+Runnin%27,0
3873,Middle Men,2009,Middle+Men,/movie/bi/mi/basic.naver?code=76434
3876,Mom and Dad,2018,Mom+and+Dad,0
3877,Touched with Fire,2016,Touched+with+Fire,0
3879,Starfish,2018,Starfish,/movie/bi/mi/basic.naver?code=181937
3881,The First Monday in May,2016,The+First+Monday+in+May,/movie/bi/mi/basic.naver?code=149372
3882,The Miracle Season,2018,The+Miracle+Season,/movie/bi/mi/basic.naver?code=171484
3884,Downsizing,2017,Downsizing,/movie/bi/mi/basic.naver?code=142272
3885,Lowlife,2017,Lowlife,/movie/bi/mi/basic.naver?code=165833
3889,Universal Soldier,1992,Universal+Soldier,/movie/bi/mi/basic.naver?code=12148
3892,The Bookshop,2017,The+Bookshop,0
3896,The Ant Bully,2006,The+Ant+Bully,/movie/bi/mi/basic.naver?code=62626
3897,Overboard,2018,Overboard,/movie/bi/mi/basic.naver?code=163808
3899,"Nico, 1988",2017,Nico%2C+1988,/movie/bi/mi/basic.naver?code=167504
3903,Finding Your Feet,2017,Finding+Your+Feet,/movie/bi/mi/basic.naver?code=171911
3906,High-Rise,2015,High-Rise,/movie/bi/mi/basic.naver?code=125475
3919,Scotch: A Golden Dream,2019,Scotch%3A+A+Golden+Dream,0
3920,The Prodigy,2019,The+Prodigy,/movie/bi/mi/basic.naver?code=181410
3924,The Hustle,2019,The+Hustle,/movie/bi/mi/basic.naver?code=168080
3937,The Osiris Child,2016,The+Osiris+Child,/movie/bi/mi/basic.naver?code=164217
3938,Friday the 13th: The Final Chapter,1984,Friday+the+13th%3A+The+Final+Chapter,0
3941,The Escape,2018,The+Escape,0
3942,Where Hands Touch,2018,Where+Hands+Touch,/movie/bi/mi/basic.naver?code=158661
3946,Antiviral,2012,Antiviral,/movie/bi/mi/basic.naver?code=94800
3947,Flower,2017,Flower,/movie/bi/mi/basic.naver?code=162075
3950,Depraved,2019,Depraved,/movie/bi/mi/basic.naver?code=186913
3951,Wonder Park,2019,Wonder+Park,/movie/bi/mi/basic.naver?code=168086
3954,We Are What We Are,2010,We+Are+What+We+Are,0
3955,Hungry Hearts,2015,Hungry+Hearts,0
3958,Ms. Purple,2019,Ms.+Purple,0
3962,Do I Sound Gay?,2015,Do+I+Sound+Gay%3F,0
3972,Run the Race,2019,Run+the+Race,0
3981,Digging for Fire,2015,Digging+for+Fire,/movie/bi/mi/basic.naver?code=124255
3989,Damsel,2018,Damsel,/movie/bi/mi/basic.naver?code=171454
3990,Killing Them Safely,2015,Killing+Them+Safely,0
3995,What We Become,2015,What+We+Become,0
3998,I Still See You,2018,I+Still+See+You,/movie/bi/mi/basic.naver?code=181085
4002,WolfCop,2014,WolfCop,/movie/bi/mi/basic.naver?code=127136
4004,Pilgrimage,2017,Pilgrimage,/movie/bi/mi/basic.naver?code=144965
4005,UglyDolls,2019,UglyDolls,/movie/bi/mi/basic.naver?code=182012
4024,Proxy,2013,Proxy,/movie/bi/mi/basic.naver?code=113999
4033,Golden Exits,2018,Golden+Exits,0
4038,Spaceship Earth,2020,Spaceship+Earth,0
4048,"I, Frankenstein",2014,I%2C+Frankenstein,/movie/bi/mi/basic.naver?code=89724
4054,28 Hotel Rooms,2012,28+Hotel+Rooms,0
4062,The Numbers Station,2013,The+Numbers+Station,/movie/bi/mi/basic.naver?code=80662
4065,Rags,2012,Rags,0
4068,Legendary,2010,Legendary,/movie/bi/mi/basic.naver?code=78157
4075,Racer and the Jailbird,2017,Racer+and+the+Jailbird,0
4082,Black Gold,2011,Black+Gold,/movie/bi/mi/basic.naver?code=90389
4087,Free Willy 3: The Rescue,1997,Free+Willy+3%3A+The+Rescue,/movie/bi/mi/basic.naver?code=24556
4088,Black Cop,2017,Black+Cop,/movie/bi/mi/basic.naver?code=167728
4089,Vault,2019,Vault,/movie/bi/mi/basic.naver?code=201667
4100,The Tomorrow Man,2019,The+Tomorrow+Man,/movie/bi/mi/basic.naver?code=182054
4104,Bangkok Dangerous,2008,Bangkok+Dangerous,/movie/bi/mi/basic.naver?code=45695
4106,Girl Most Likely,2012,Girl+Most+Likely,/movie/bi/mi/basic.naver?code=98741
4109,Knives and Skin,2019,Knives+and+Skin,/movie/bi/mi/basic.naver?code=180175
4111,The Strange Ones,2018,The+Strange+Ones,0
4124,Manglehorn,2015,Manglehorn,0
4126,Neat: The Story of Bourbon,2018,Neat%3A+The+Story+of+Bourbon,0
4129,The Mountain,2019,The+Mountain,0
4154,Raze,2013,Raze,/movie/bi/mi/basic.naver?code=103646
4162,Wrinkles the Clown,2019,Wrinkles+the+Clown,0
4170,Lemon,2017,Lemon,/movie/bi/mi/basic.naver?code=174035
4172,Radioflash,2019,Radioflash,/movie/bi/mi/basic.naver?code=206164
4174,Strategic Air Command,1955,Strategic+Air+Command,0
4180,We Die Young,2019,We+Die+Young,/movie/bi/mi/basic.naver?code=193989
4215,The Sound of Silence,2019,The+Sound+of+Silence,/movie/bi/mi/basic.naver?code=181972
4217,Ozzy,2016,Ozzy,/movie/bi/mi/basic.naver?code=157500
4226,I'll Come Running,2008,I%27ll+Come+Running,0
4239,Higher Power,2018,Higher+Power,/movie/bi/mi/basic.naver?code=173829
4261,Feral,2018,Feral,/movie/bi/mi/basic.naver?code=186281
4267,Killers Anonymous,2019,Killers+Anonymous,/movie/bi/mi/basic.naver?code=189055
4283,The Disappointments Room,2016,The+Disappointments+Room,0
4303,Backtrace,2018,Backtrace,/movie/bi/mi/basic.naver?code=183477
4312,Curious George: Royal Monkey,2019,Curious+George%3A+Royal+Monkey,0
4321,Let's Be Evil,2016,Let%27s+Be+Evil,0
4327,I Am Alone,2015,I+Am+Alone,/movie/bi/mi/basic.naver?code=166421
4328,Julian Schnabel: A Private Portrait,2017,Julian+Schnabel%3A+A+Private+Portrait,/movie/bi/mi/basic.naver?code=162007
4331,Songbird,2018,Songbird,/movie/bi/mi/basic.naver?code=168021
4341,Random Tropical Paradise,2017,Random+Tropical+Paradise,0
4365,Benjamin,2019,Benjamin,0
4440,It's a Wonderful Life,1946,It%27s+a+Wonderful+Life,0
4442,Sunset Boulevard,1950,Sunset+Boulevard,0
4444,Some Like It Hot,1959,Some+Like+It+Hot,0
4448,Lady Bird,2017,Lady+Bird,0
4451,The Big Sick,2017,The+Big+Sick,/movie/bi/mi/basic.naver?code=158890
4452,Manchester by the Sea,2016,Manchester+by+the+Sea,/movie/bi/mi/basic.naver?code=137956
4454,Short Term 12,2013,Short+Term+12,/movie/bi/mi/basic.naver?code=109624
4455,Thor,2011,Thor,/movie/bi/mi/basic.naver?code=69989
4457,Night of the Living Dead,1968,Night+of+the+Living+Dead,0
4458,The Machinist,2004,The+Machinist,/movie/bi/mi/basic.naver?code=39618
4462,The Disaster Artist,2017,The+Disaster+Artist,/movie/bi/mi/basic.naver?code=144979
4463,Iron Man 2,2010,Iron+Man+2,/movie/bi/mi/basic.naver?code=49008
4464,Pi,1998,Pi,/movie/bi/mi/basic.naver?code=29480
4465,The Lighthouse,2019,The+Lighthouse,/movie/bi/mi/basic.naver?code=188874
4472,Charade,1963,Charade,/movie/bi/mi/basic.naver?code=12033
4473,Apocalypto,2006,Apocalypto,/movie/bi/mi/basic.naver?code=51579
4475,Eighth Grade,2018,Eighth+Grade,/movie/bi/mi/basic.naver?code=171901
4476,Hereditary,2018,Hereditary,0
4478,The Lincoln Lawyer,2011,The+Lincoln+Lawyer,/movie/bi/mi/basic.naver?code=80626
4493,Pride,2014,Pride,/movie/bi/mi/basic.naver?code=126214
4498,Tumbbad,2018,Tumbbad,/movie/bi/mi/basic.naver?code=179316
4499,A Man Called Ove,2015,A+Man+Called+Ove,0
4500,The Imposter,2012,The+Imposter,/movie/bi/mi/basic.naver?code=145303
4502,Midsommar,2019,Midsommar,/movie/bi/mi/basic.naver?code=182014
4510,The Hours,2002,The+Hours,/movie/bi/mi/basic.naver?code=31867
4512,For Sama,2019,For+Sama,/movie/bi/mi/basic.naver?code=184571
4513,Sweet Smell of Success,1957,Sweet+Smell+of+Success,/movie/bi/mi/basic.naver?code=39335
4516,Lars and the Real Girl,2007,Lars+and+the+Real+Girl,/movie/bi/mi/basic.naver?code=68946
4519,Bone Tomahawk,2015,Bone+Tomahawk,/movie/bi/mi/basic.naver?code=100641
4520,Honey Boy,2019,Honey+Boy,0
4523,Paterson,2016,Paterson,/movie/bi/mi/basic.naver?code=144975
4524,Fiddler on the Roof,1971,Fiddler+on+the+Roof,/movie/bi/mi/basic.naver?code=10592
4527,Black Book,2006,Black+Book,0
4535,I Am Not Your Negro,2017,I+Am+Not+Your+Negro,0
4536,The Ghost Writer,2010,The+Ghost+Writer,/movie/bi/mi/basic.naver?code=49945
4541,Indie Game: The Movie,2012,Indie+Game%3A+The+Movie,0
4542,The Boondock Saints,1999,The+Boondock+Saints,/movie/bi/mi/basic.naver?code=29285
4543,Miss Sloane,2016,Miss+Sloane,/movie/bi/mi/basic.naver?code=142632
4545,You Were Never Really Here,2017,You+Were+Never+Really+Here,/movie/bi/mi/basic.naver?code=152673
4551,Fitzcarraldo,1982,Fitzcarraldo,/movie/bi/mi/basic.naver?code=11388
4552,The Big Country,1958,The+Big+Country,/movie/bi/mi/basic.naver?code=13512
4555,Arctic,2018,Arctic,0
4557,Midnight Special,2016,Midnight+Special,/movie/bi/mi/basic.naver?code=118939
4558,King of Devil's Island,2010,King+of+Devil%27s+Island,0
4562,The Report,2019,The+Report,/movie/bi/mi/basic.naver?code=182052
4563,The Sweet Hereafter,1997,The+Sweet+Hereafter,/movie/bi/mi/basic.naver?code=30868
4564,Dead Ringers,1988,Dead+Ringers,/movie/bi/mi/basic.naver?code=12732
4565,Triangle,2009,Triangle,/movie/bi/mi/basic.naver?code=73087
4580,The Last Black Man in San Francisco,2019,The+Last+Black+Man+in+San+Francisco,0
4585,Hellraiser,1987,Hellraiser,/movie/bi/mi/basic.naver?code=14257
4587,Air Force One,1997,Air+Force+One,/movie/bi/mi/basic.naver?code=18533
4588,Get the Gringo,2012,Get+the+Gringo,/movie/bi/mi/basic.naver?code=69865
4596,Dog Soldiers,2002,Dog+Soldiers,/movie/bi/mi/basic.naver?code=36389
4597,The Aeronauts,2019,The+Aeronauts,/movie/bi/mi/basic.naver?code=167658
4598,The Lost City of Z,2016,The+Lost+City+of+Z,0
4601,The Endless Summer,1966,The+Endless+Summer,/movie/bi/mi/basic.naver?code=24076
4604,Holiday Inn,1942,Holiday+Inn,/movie/bi/mi/basic.naver?code=13969
4607,Funny Face,1957,Funny+Face,/movie/bi/mi/basic.naver?code=14125
4610,A Most Wanted Man,2014,A+Most+Wanted+Man,/movie/bi/mi/basic.naver?code=101999
4612,Frantz,2016,Frantz,/movie/bi/mi/basic.naver?code=149012
4615,Invisible Life,2019,Invisible+Life,0
4621,Brittany Runs a Marathon,2019,Brittany+Runs+a+Marathon,0
4623,What Maisie Knew,2013,What+Maisie+Knew,0
4624,Citizen X,1995,Citizen+X,0
4630,Heidi,2015,Heidi,/movie/bi/mi/basic.naver?code=146393
4631,Better Watch Out,2016,Better+Watch+Out,/movie/bi/mi/basic.naver?code=156532
4636,Marshall,2017,Marshall,/movie/bi/mi/basic.naver?code=154296
4638,McQueen,2018,McQueen,/movie/bi/mi/basic.naver?code=175445
4639,The Band's Visit,2007,The+Band%27s+Visit,0
4642,Turbo Kid,2015,Turbo+Kid,/movie/bi/mi/basic.naver?code=135012
4643,One Child Nation,2019,One+Child+Nation,/movie/bi/mi/basic.naver?code=181988
4647,Disobedience,2017,Disobedience,/movie/bi/mi/basic.naver?code=167095
4655,Priceless,2006,Priceless,0
4658,Late Night,2019,Late+Night,/movie/bi/mi/basic.naver?code=182046
4664,Blow the Man Down,2019,Blow+the+Man+Down,/movie/bi/mi/basic.naver?code=184711
4665,Suspiria,2018,Suspiria,/movie/bi/mi/basic.naver?code=151550
4676,Opera,1987,Opera,/movie/bi/mi/basic.naver?code=25462
4677,The Tillman Story,2010,The+Tillman+Story,/movie/bi/mi/basic.naver?code=73557
4687,Sabotage,1937,Sabotage,0
4691,The Secret of Roan Inish,1995,The+Secret+of+Roan+Inish,0
4697,The King's Choice,2016,The+King%27s+Choice,0
4707,Dead Snow 2: Red vs. Dead,2014,Dead+Snow+2%3A+Red+vs.+Dead,0
4712,Draft Day,2014,Draft+Day,/movie/bi/mi/basic.naver?code=110649
4716,The Battery,2012,The+Battery,/movie/bi/mi/basic.naver?code=110026
4718,"Don't Worry, He Won't Get Far on Foot",2018,Don%27t+Worry%2C+He+Won%27t+Get+Far+on+Foot,0
4727,Dark Water,2002,Dark+Water,/movie/bi/mi/basic.naver?code=34520
4729,Becoming Astrid,2018,Becoming+Astrid,0
4730,The Snow Walker,2003,The+Snow+Walker,/movie/bi/mi/basic.naver?code=39568
4734,Rambo: Last Blood,2019,Rambo%3A+Last+Blood,/movie/bi/mi/basic.naver?code=129282
4740,The Man with the Golden Arm,1955,The+Man+with+the+Golden+Arm,/movie/bi/mi/basic.naver?code=29875
4742,A Private War,2018,A+Private+War,/movie/bi/mi/basic.naver?code=172790
4747,Last Days in Vietnam,2014,Last+Days+in+Vietnam,/movie/bi/mi/basic.naver?code=119277
4758,Grey Gardens,2009,Grey+Gardens,/movie/bi/mi/basic.naver?code=53009
4761,Macbeth,2015,Macbeth,/movie/bi/mi/basic.naver?code=113364
4771,My Friend Dahmer,2017,My+Friend+Dahmer,/movie/bi/mi/basic.naver?code=162373
4803,Stake Land,2010,Stake+Land,/movie/bi/mi/basic.naver?code=78624
4812,Like Crazy,2011,Like+Crazy,0
4815,Changing Lanes,2002,Changing+Lanes,/movie/bi/mi/basic.naver?code=34923
4818,Agora,2009,Agora,/movie/bi/mi/basic.naver?code=53052
4833,Troop Zero,2019,Troop+Zero,0
4834,Salmon Fishing in the Yemen,2012,Salmon+Fishing+in+the+Yemen,0
4843,Maidentrip,2014,Maidentrip,0
4848,Last Cab to Darwin,2015,Last+Cab+to+Darwin,/movie/bi/mi/basic.naver?code=139866
4850,The Plague Dogs,1982,The+Plague+Dogs,/movie/bi/mi/basic.naver?code=190222
4856,Fan,2016,Fan,/movie/bi/mi/basic.naver?code=119546
4858,Light of My Life,2019,Light+of+My+Life,/movie/bi/mi/basic.naver?code=171521
4879,The Long Riders,1980,The+Long+Riders,/movie/bi/mi/basic.naver?code=11621
4880,Any Day Now,2012,Any+Day+Now,0
4892,We Are Still Here,2015,We+Are+Still+Here,/movie/bi/mi/basic.naver?code=138070
4896,A Girl Like Her,2015,A+Girl+Like+Her,/movie/bi/mi/basic.naver?code=126057
4911,The Connection,2014,The+Connection,0
4921,Fast Color,2019,Fast+Color,0
4923,Dick Tracy,1990,Dick+Tracy,/movie/bi/mi/basic.naver?code=10817
4928,We Are Legion: The Story of the Hacktivists,2012,We+Are+Legion%3A+The+Story+of+the+Hacktivists,/movie/bi/mi/basic.naver?code=95434
4940,Chuck Norris vs Communism,2015,Chuck+Norris+vs+Communism,0
4945,The Hole in the Ground,2019,The+Hole+in+the+Ground,/movie/bi/mi/basic.naver?code=182082
4962,The Midnight Meat Train,2008,The+Midnight+Meat+Train,/movie/bi/mi/basic.naver?code=67883
4981,Finders Keepers,2015,Finders+Keepers,/movie/bi/mi/basic.naver?code=134573
4987,Mr. Calzaghe,2015,Mr.+Calzaghe,0
5001,The Vikings,1958,The+Vikings,/movie/bi/mi/basic.naver?code=17843
5002,The Soloist,2009,The+Soloist,/movie/bi/mi/basic.naver?code=52424
5012,Apostasy,2017,Apostasy,/movie/bi/mi/basic.naver?code=167746
5022,Next,2007,Next,/movie/bi/mi/basic.naver?code=66402
5025,Taking Chance,2009,Taking+Chance,/movie/bi/mi/basic.naver?code=52568
5035,In the Soup,1992,In+the+Soup,0
5042,The Ultimate Gift,2006,The+Ultimate+Gift,/movie/bi/mi/basic.naver?code=66345
5049,Admiral,2015,Admiral,/movie/bi/mi/basic.naver?code=138030
5056,The Fencer,2015,The+Fencer,0
5059,Two Hands,1999,Two+Hands,/movie/bi/mi/basic.naver?code=34966
5068,Narco Cultura,2013,Narco+Cultura,/movie/bi/mi/basic.naver?code=102358
5069,Harmontown,2014,Harmontown,/movie/bi/mi/basic.naver?code=129250
5073,Tiger Zinda Hai,2017,Tiger+Zinda+Hai,/movie/bi/mi/basic.naver?code=170870
5085,Sweet Land,2005,Sweet+Land,/movie/bi/mi/basic.naver?code=63902
5093,Cash Only,2015,Cash+Only,/movie/bi/mi/basic.naver?code=142076
5095,Hichki,2018,Hichki,/movie/bi/mi/basic.naver?code=173040
5106,Almost Holy,2015,Almost+Holy,0
5108,Bad Samaritan,2018,Bad+Samaritan,/movie/bi/mi/basic.naver?code=173833
5114,Jellyfish,2007,Jellyfish,0
5119,Brimstone,2016,Brimstone,/movie/bi/mi/basic.naver?code=134896
5125,Hagazussa,2018,Hagazussa,0
5129,On Any Sunday,1971,On+Any+Sunday,0
5131,The Children Act,2017,The+Children+Act,0
5136,Long Weekend,1978,Long+Weekend,0
5144,Gloria Bell,2018,Gloria+Bell,/movie/bi/mi/basic.naver?code=171467
5148,The Way of the Gun,2000,The+Way+of+the+Gun,/movie/bi/mi/basic.naver?code=30854
5157,The Dark,2018,The+Dark,/movie/bi/mi/basic.naver?code=116451
5161,Never on Sunday,1960,Never+on+Sunday,0
5162,The Gateway,2018,The+Gateway,0
5166,Palo Alto,2014,Palo+Alto,0
5168,The Goldfinch,2019,The+Goldfinch,/movie/bi/mi/basic.naver?code=171502
5176,Photograph,2019,Photograph,/movie/bi/mi/basic.naver?code=182048
5181,Unmistaken Child,2009,Unmistaken+Child,0
5186,Always Shine,2016,Always+Shine,/movie/bi/mi/basic.naver?code=149316
5197,The Special Relationship,2010,The+Special+Relationship,0
5200,Code Black,2014,Code+Black,0
5227,The Big Kahuna,2000,The+Big+Kahuna,0
5232,On Chesil Beach,2018,On+Chesil+Beach,0
5234,Beauty Mark,2017,Beauty+Mark,0
5249,Destination Wedding,2018,Destination+Wedding,/movie/bi/mi/basic.naver?code=167443
5254,Big Sonia,2017,Big+Sonia,0
5257,Bad Hair,2013,Bad+Hair,0
5270,Bellflower,2011,Bellflower,/movie/bi/mi/basic.naver?code=85549
5274,Shifty,2009,Shifty,0
5278,Is Paris Burning?,1966,Is+Paris+Burning%3F,0
5285,Kill Command,2016,Kill+Command,/movie/bi/mi/basic.naver?code=151791
5288,Low Tide,2019,Low+Tide,0
5290,On Her Shoulders,2018,On+Her+Shoulders,/movie/bi/mi/basic.naver?code=172288
5291,Most Beautiful Island,2017,Most+Beautiful+Island,/movie/bi/mi/basic.naver?code=164686
5293,The Son of Bigfoot,2017,The+Son+of+Bigfoot,0
5307,Birth of the Living Dead,2013,Birth+of+the+Living+Dead,0
5314,Rob the Mob,2014,Rob+the+Mob,/movie/bi/mi/basic.naver?code=112078
5316,Possum,2018,Possum,/movie/bi/mi/basic.naver?code=176758
5317,47 Meters Down: Uncaged,2019,47+Meters+Down%3A+Uncaged,/movie/bi/mi/basic.naver?code=187161
5320,The Uninvited,2009,The+Uninvited,/movie/bi/mi/basic.naver?code=67899
5322,Short Eyes,1977,Short+Eyes,/movie/bi/mi/basic.naver?code=50018
5324,Twins of Evil,1971,Twins+of+Evil,/movie/bi/mi/basic.naver?code=33019
5333,The Young Karl Marx,2017,The+Young+Karl+Marx,0
5363,Foxy Brown,1974,Foxy+Brown,/movie/bi/mi/basic.naver?code=47120
5365,Cleanskin,2012,Cleanskin,/movie/bi/mi/basic.naver?code=96996
5367,The Boy,2016,The+Boy,/movie/bi/mi/basic.naver?code=166038
5377,Evelyn,2002,Evelyn,/movie/bi/mi/basic.naver?code=36509
5381,Clear History,2013,Clear+History,/movie/bi/mi/basic.naver?code=104375
5383,Skin,2009,Skin,0
5389,The House of Magic,2013,The+House+of+Magic,0
5390,The Words,2012,The+Words,/movie/bi/mi/basic.naver?code=90931
5394,The Brothers Grimm,2005,The+Brothers+Grimm,0
5397,The Kill Team,2013,The+Kill+Team,/movie/bi/mi/basic.naver?code=106870
5446,Pussy Riot: A Punk Prayer,2013,Pussy+Riot%3A+A+Punk+Prayer,0
5447,Listen Up Philip,2014,Listen+Up+Philip,/movie/bi/mi/basic.naver?code=119619
5450,Conquest 1453,2012,Conquest+1453,0
5455,Japanese Story,2003,Japanese+Story,/movie/bi/mi/basic.naver?code=37574
5457,Friday the 13th Part 2,1981,Friday+the+13th+Part+2,0
5459,Some Freaks,2016,Some+Freaks,/movie/bi/mi/basic.naver?code=154205
5466,What Richard Did,2012,What+Richard+Did,/movie/bi/mi/basic.naver?code=98725
5483,A Dark Place,2019,A+Dark+Place,0
5497,The Possession,2012,The+Possession,/movie/bi/mi/basic.naver?code=82441
5512,The Red House,1947,The+Red+House,/movie/bi/mi/basic.naver?code=179617
5518,Halston,2019,Halston,0
5519,Home Again,2017,Home+Again,/movie/bi/mi/basic.naver?code=158630
5527,My Name Is Emily,2016,My+Name+Is+Emily,0
5528,Cherry,2010,Cherry,/movie/bi/mi/basic.naver?code=91860
5538,Five Fingers for Marseilles,2018,Five+Fingers+for+Marseilles,0
5549,Nancy,2018,Nancy,/movie/bi/mi/basic.naver?code=158698
5559,Joe,1970,Joe,/movie/bi/mi/basic.naver?code=13226
5564,Diverge,2016,Diverge,0
5573,Hired Gun,2017,Hired+Gun,0
5575,Food Chains,2014,Food+Chains,/movie/bi/mi/basic.naver?code=130571
5583,Wolf Creek 2,2013,Wolf+Creek+2,/movie/bi/mi/basic.naver?code=113146
5584,Computer Chess,2013,Computer+Chess,/movie/bi/mi/basic.naver?code=101871
5585,Transpecos,2016,Transpecos,/movie/bi/mi/basic.naver?code=149806
5588,Catch Me Daddy,2015,Catch+Me+Daddy,0
5589,Bharat Ane Nenu,2018,Bharat+Ane+Nenu,0
5590,Adore,2013,Adore,/movie/bi/mi/basic.naver?code=102241
5593,LBJ,2017,LBJ,0
5597,Embers,2015,Embers,/movie/bi/mi/basic.naver?code=148041
5611,The Dentist,1932,The+Dentist,0
5613,Churchill,2017,Churchill,/movie/bi/mi/basic.naver?code=161955
5614,Garbo: The Spy,2009,Garbo%3A+The+Spy,/movie/bi/mi/basic.naver?code=72456
5618,The Dark Valley,2014,The+Dark+Valley,0
5621,Final Score,2018,Final+Score,/movie/bi/mi/basic.naver?code=152658
5654,Fugitive Pieces,2007,Fugitive+Pieces,/movie/bi/mi/basic.naver?code=44308
5705,Boston,2017,Boston,/movie/bi/mi/basic.naver?code=161937
5712,40 Years in the Making: The Magic Music Movie,2018,40+Years+in+the+Making%3A+The+Magic+Music+Movie,0
5715,Sex and Broadcasting,2014,Sex+and+Broadcasting,0
5718,Howl,2015,Howl,/movie/bi/mi/basic.naver?code=144074
5719,Creation,2009,Creation,0
5724,This Is Martin Bonner,2013,This+Is+Martin+Bonner,/movie/bi/mi/basic.naver?code=101879
5726,Free In Deed,2015,Free+In+Deed,/movie/bi/mi/basic.naver?code=141121
5747,The Rage in Placid Lake,2003,The+Rage+in+Placid+Lake,/movie/bi/mi/basic.naver?code=67278
5752,The Nightmare,2015,The+Nightmare,/movie/bi/mi/basic.naver?code=135008
5759,The Gruffalo,2009,The+Gruffalo,/movie/bi/mi/basic.naver?code=81718
5768,Bride of Re-Animator,1990,Bride+of+Re-Animator,0
5770,1492: Conquest of Paradise,1992,1492%3A+Conquest+of+Paradise,0
5776,Sirens,1994,Sirens,0
5795,Bodysong,2003,Bodysong,/movie/bi/mi/basic.naver?code=113551
5796,The Crescent,2018,The+Crescent,0
5799,For Those in Peril,2013,For+Those+in+Peril,/movie/bi/mi/basic.naver?code=109560
5800,The Greasy Strangler,2016,The+Greasy+Strangler,/movie/bi/mi/basic.naver?code=148025
5806,Siddharth,2013,Siddharth,/movie/bi/mi/basic.naver?code=113489
5813,Double Impact,1991,Double+Impact,/movie/bi/mi/basic.naver?code=10869
5829,Life,2015,Life,0
5838,What Still Remains,2018,What+Still+Remains,0
5845,Wind,1992,Wind,0
5856,Bridgend,2015,Bridgend,/movie/bi/mi/basic.naver?code=135147
5862,Dangerous Liaisons,2012,Dangerous+Liaisons,/movie/bi/mi/basic.naver?code=88270
5877,Bottom of the 9th,2019,Bottom+of+the+9th,0
5878,Stop-Loss,2008,Stop-Loss,0
5890,Red Lights,2012,Red+Lights,/movie/bi/mi/basic.naver?code=88446
5903,Bad Milo,2013,Bad+Milo,/movie/bi/mi/basic.naver?code=110924
5918,Bang Gang (A Modern Love Story),2015,Bang+Gang+%28A+Modern+Love+Story%29,0
5920,Ae Dil Hai Mushkil,2016,Ae+Dil+Hai+Mushkil,/movie/bi/mi/basic.naver?code=155204
5924,Coldwater,2013,Coldwater,/movie/bi/mi/basic.naver?code=113233
5929,Peterloo,2018,Peterloo,/movie/bi/mi/basic.naver?code=172755
5934,Halo 4: Forward Unto Dawn,2012,Halo+4%3A+Forward+Unto+Dawn,/movie/bi/mi/basic.naver?code=100918
5940,The Good Son,2013,The+Good+Son,0
5948,Demon House,2018,Demon+House,/movie/bi/mi/basic.naver?code=172814
5958,Loving Pablo,2017,Loving+Pablo,/movie/bi/mi/basic.naver?code=154273
5962,Destination Moon,1950,Destination+Moon,/movie/bi/mi/basic.naver?code=31256
5970,I Think We're Alone Now,2008,I+Think+We%27re+Alone+Now,0
5979,Edie,2018,Edie,0
5982,The Moo Man,2013,The+Moo+Man,0
5984,Charlie Countryman,2013,Charlie+Countryman,/movie/bi/mi/basic.naver?code=102314
5992,Free China: The Courage to Believe,2013,Free+China%3A+The+Courage+to+Believe,0
5997,Garden of Evil,1954,Garden+of+Evil,/movie/bi/mi/basic.naver?code=49217
6012,United,2011,United,/movie/bi/mi/basic.naver?code=90802
6015,The Strangers: Prey at Night,2018,The+Strangers%3A+Prey+at+Night,0
6027,Numb,2015,Numb,/movie/bi/mi/basic.naver?code=144323
6028,Serenity,2019,Serenity,0
6032,Seberg,2019,Seberg,/movie/bi/mi/basic.naver?code=188875
6046,Rememory,2017,Rememory,/movie/bi/mi/basic.naver?code=104433
6050,Yardie,2018,Yardie,/movie/bi/mi/basic.naver?code=172445
6061,The Human Resources Manager,2011,The+Human+Resources+Manager,0
6073,Kaththi,2014,Kaththi,/movie/bi/mi/basic.naver?code=158680
6081,The Only Living Boy in New York,2017,The+Only+Living+Boy+in+New+York,/movie/bi/mi/basic.naver?code=99093
6122,Hunter Gatherer,2016,Hunter+Gatherer,/movie/bi/mi/basic.naver?code=154263
6135,Backstabbing for Beginners,2018,Backstabbing+for+Beginners,/movie/bi/mi/basic.naver?code=162267
6137,Infinity Chamber,2016,Infinity+Chamber,0
6139,Herman's House,2012,Herman%27s+House,0
6140,Tracers,2015,Tracers,0
6147,The Mighty Macs,2009,The+Mighty+Macs,0
6157,Goodachari,2018,Goodachari,0
6160,Sharknado,2013,Sharknado,/movie/bi/mi/basic.naver?code=114733
6165,Young Ones,2014,Young+Ones,/movie/bi/mi/basic.naver?code=109972
6190,The Saratov Approach,2013,The+Saratov+Approach,/movie/bi/mi/basic.naver?code=116569
6192,Last Rampage,2017,Last+Rampage,/movie/bi/mi/basic.naver?code=166472
6195,Extinction,2015,Extinction,0
6200,The Gruffalo's Child,2011,The+Gruffalo%27s+Child,0
6201,Maniac Cop 2,1990,Maniac+Cop+2,/movie/bi/mi/basic.naver?code=16948
6202,Edmond,2005,Edmond,/movie/bi/mi/basic.naver?code=43521
6205,"Westwood: Punk, Icon, Activist",2018,Westwood%3A+Punk%2C+Icon%2C+Activist,/movie/bi/mi/basic.naver?code=172432
6215,Wah-Wah,2005,Wah-Wah,/movie/bi/mi/basic.naver?code=47445
6246,Gone,2012,Gone,0
6260,Zog,2019,Zog,0
6262,Bliss,1997,Bliss,0
6280,Mondo Cane,1962,Mondo+Cane,/movie/bi/mi/basic.naver?code=11013
6313,Healing,2014,Healing,/movie/bi/mi/basic.naver?code=102814
6337,Beneath the Harvest Sky,2013,Beneath+the+Harvest+Sky,/movie/bi/mi/basic.naver?code=115109
6348,Trafficked,2017,Trafficked,/movie/bi/mi/basic.naver?code=168422
6351,Voice from the Stone,2017,Voice+from+the+Stone,/movie/bi/mi/basic.naver?code=136829
6360,Ishqiya,2010,Ishqiya,/movie/bi/mi/basic.naver?code=76909
6376,Forbidden World,1982,Forbidden+World,/movie/bi/mi/basic.naver?code=65209
6381,King of Thieves,2018,King+of+Thieves,/movie/bi/mi/basic.naver?code=172751
6393,White of the Eye,1988,White+of+the+Eye,0
6398,Malevolence,2004,Malevolence,/movie/bi/mi/basic.naver?code=75541
6400,Autumn Lights,2016,Autumn+Lights,/movie/bi/mi/basic.naver?code=152230
6415,Teenage,2013,Teenage,/movie/bi/mi/basic.naver?code=106873
6420,The Lost Arcade,2015,The+Lost+Arcade,/movie/bi/mi/basic.naver?code=152240
6436,Summer,2008,Summer,0
6439,Stick Man,2015,Stick+Man,/movie/bi/mi/basic.naver?code=152037
6448,Down to Earth,2001,Down+to+Earth,/movie/bi/mi/basic.naver?code=31880
6460,Angelica,2017,Angelica,/movie/bi/mi/basic.naver?code=168255
6463,Trial by Fire,2019,Trial+by+Fire,0
6466,The Song of Sway Lake,2019,The+Song+of+Sway+Lake,0
6482,The Light Thief,2011,The+Light+Thief,0
6491,Casino Jack,2010,Casino+Jack,/movie/bi/mi/basic.naver?code=78607
6494,In Dubious Battle,2017,In+Dubious+Battle,0
6498,Khumba,2013,Khumba,/movie/bi/mi/basic.naver?code=100977
6499,Regression,2015,Regression,/movie/bi/mi/basic.naver?code=114278
6524,"I, Anna",2012,I%2C+Anna,/movie/bi/mi/basic.naver?code=91996
6525,Bigil,2019,Bigil,0
6529,Half Light,2006,Half+Light,/movie/bi/mi/basic.naver?code=59040
6560,Wish Upon,2017,Wish+Upon,/movie/bi/mi/basic.naver?code=154262
6579,Ava,2017,Ava,/movie/bi/mi/basic.naver?code=165344
6589,Another Happy Day,2011,Another+Happy+Day,/movie/bi/mi/basic.naver?code=83248
6598,Brick Lane,2007,Brick+Lane,/movie/bi/mi/basic.naver?code=69001
6601,The Heart of Man,2017,The+Heart+of+Man,/movie/bi/mi/basic.naver?code=166431
6605,Mythica: A Quest for Heroes,2014,Mythica%3A+A+Quest+for+Heroes,/movie/bi/mi/basic.naver?code=120582
6614,The Mind's Eye,2015,The+Mind%27s+Eye,0
6617,Outcast,2010,Outcast,/movie/bi/mi/basic.naver?code=89373
6676,Addicted,2002,Addicted,0
6687,Fanny,2013,Fanny,/movie/bi/mi/basic.naver?code=111988
6701,Free the Mind,2013,Free+the+Mind,0
6726,Uttama Villain,2015,Uttama+Villain,/movie/bi/mi/basic.naver?code=140709
6727,Slice,2018,Slice,0
6731,The Challenger Disaster,2019,The+Challenger+Disaster,0
6752,Robot Overlords,2015,Robot+Overlords,0
6754,Bait,2000,Bait,/movie/bi/mi/basic.naver?code=30863
6763,The Last Warrior,2017,The+Last+Warrior,0
6772,Walt Before Mickey,2015,Walt+Before+Mickey,0
6774,Day of Anger,1967,Day+of+Anger,0
6785,All I See Is You,2017,All+I+See+Is+You,0
6786,Pressure,2015,Pressure,/movie/bi/mi/basic.naver?code=126070
6798,Grand Theft Parsons,2004,Grand+Theft+Parsons,0
6812,Anguish,2015,Anguish,/movie/bi/mi/basic.naver?code=142070
6850,A Midsummer Night's Dream,2017,A+Midsummer+Night%27s+Dream,0
6859,The Frame,2014,The+Frame,/movie/bi/mi/basic.naver?code=108299
6867,Strangerland,2015,Strangerland,/movie/bi/mi/basic.naver?code=114262
6871,Blood Ransom,2014,Blood+Ransom,/movie/bi/mi/basic.naver?code=130821
6881,All Summers End,2017,All+Summers+End,/movie/bi/mi/basic.naver?code=118984
6887,Sabata,1969,Sabata,/movie/bi/mi/basic.naver?code=87035
6893,The Ultimate Life,2013,The+Ultimate+Life,/movie/bi/mi/basic.naver?code=108594
6990,Why We Ride,2013,Why+We+Ride,/movie/bi/mi/basic.naver?code=118353
6991,Befikre,2016,Befikre,/movie/bi/mi/basic.naver?code=157296
6992,Ben Hur,2003,Ben+Hur,0
6994,Master,2016,Master,/movie/bi/mi/basic.naver?code=145162
7016,Age of Heroes,2011,Age+of+Heroes,/movie/bi/mi/basic.naver?code=85875
7021,Geronimo,1962,Geronimo,/movie/bi/mi/basic.naver?code=17633
7027,The New Radical,2017,The+New+Radical,0
7041,Sodom and Gomorrah,1962,Sodom+and+Gomorrah,/movie/bi/mi/basic.naver?code=12162
7044,Jackals,2017,Jackals,/movie/bi/mi/basic.naver?code=166446
7057,Rage,2014,Rage,0
7058,Faith Connections,2013,Faith+Connections,/movie/bi/mi/basic.naver?code=113985
7072,Zorro,1975,Zorro,/movie/bi/mi/basic.naver?code=38643
7080,The Tamarind Seed,1974,The+Tamarind+Seed,/movie/bi/mi/basic.naver?code=31594
7092,Retake,2016,Retake,0
7109,The Last Sin Eater,2007,The+Last+Sin+Eater,/movie/bi/mi/basic.naver?code=66153
7113,Crocodile Dundee in Los Angeles,2001,Crocodile+Dundee+in+Los+Angeles,/movie/bi/mi/basic.naver?code=32097
7115,Backlight,2010,Backlight,/movie/bi/mi/basic.naver?code=142650
7119,Sicario,1994,Sicario,/movie/bi/mi/basic.naver?code=33791
7137,The Solitude of Prime Numbers,2010,The+Solitude+of+Prime+Numbers,0
7150,Salam Neighbor,2015,Salam+Neighbor,/movie/bi/mi/basic.naver?code=159393
7154,An American Affair,2008,An+American+Affair,0
7160,Somewhere Slow,2013,Somewhere+Slow,/movie/bi/mi/basic.naver?code=104701
7164,Red Hook Summer,2012,Red+Hook+Summer,0
7166,Escape Plan 2: Hades,2018,Escape+Plan+2%3A+Hades,/movie/bi/mi/basic.naver?code=168018
7173,Kissing Candice,2018,Kissing+Candice,0
7177,Up the Creek,1984,Up+the+Creek,0
7198,Eaten Alive,1976,Eaten+Alive,/movie/bi/mi/basic.naver?code=163656
7206,Dear Dictator,2018,Dear+Dictator,/movie/bi/mi/basic.naver?code=171550
7210,Tomorrow,2019,Tomorrow,0
7212,Nostalgia,2018,Nostalgia,/movie/bi/mi/basic.naver?code=169211
7241,Iru Mugan,2016,Iru+Mugan,0
7248,Morgan,2012,Morgan,/movie/bi/mi/basic.naver?code=104092
7260,Abattoir,2016,Abattoir,/movie/bi/mi/basic.naver?code=141184
7266,Li'l Abner,1959,Li%27l+Abner,0
7272,Robotech: The Shadow Chronicles,2006,Robotech%3A+The+Shadow+Chronicles,/movie/bi/mi/basic.naver?code=66552
7273,Shadows of Liberty,2012,Shadows+of+Liberty,/movie/bi/mi/basic.naver?code=108857
7277,Old Gringo,1989,Old+Gringo,/movie/bi/mi/basic.naver?code=12759
7279,Made in France,2015,Made+in+France,/movie/bi/mi/basic.naver?code=144298
7283,Shadowlands,1985,Shadowlands,0
7286,The Lesser Blessed,2012,The+Lesser+Blessed,/movie/bi/mi/basic.naver?code=98769
7312,Black Beauty,1994,Black+Beauty,/movie/bi/mi/basic.naver?code=26777
7376,Postman Pat: The Movie,2014,Postman+Pat%3A+The+Movie,/movie/bi/mi/basic.naver?code=97859
7386,The Eagle,1925,The+Eagle,/movie/bi/mi/basic.naver?code=81164
7390,The Night Visitor,1971,The+Night+Visitor,0
7395,Veeram,2014,Veeram,0
7401,Despite the Falling Snow,2016,Despite+the+Falling+Snow,/movie/bi/mi/basic.naver?code=127322
7405,Three and Out,2008,Three+and+Out,0
7442,Arcadia,2012,Arcadia,/movie/bi/mi/basic.naver?code=91929
7458,Starcrash,1978,Starcrash,0
7480,Butterfly Kisses,2018,Butterfly+Kisses,0
7490,Eichmann,2007,Eichmann,/movie/bi/mi/basic.naver?code=72225
7507,The Matchbreaker,2016,The+Matchbreaker,/movie/bi/mi/basic.naver?code=152699
7516,The Entitled,2011,The+Entitled,/movie/bi/mi/basic.naver?code=94182
7522,Broadway Damage,1997,Broadway+Damage,0
7583,Turkey Shoot,1982,Turkey+Shoot,/movie/bi/mi/basic.naver?code=13847
7585,Rubberneck,2013,Rubberneck,0
7649,Winter Ridge,2018,Winter+Ridge,/movie/bi/mi/basic.naver?code=176741
7651,Radio Dreams,2016,Radio+Dreams,/movie/bi/mi/basic.naver?code=146761
7657,The Trouble with Bliss,2011,The+Trouble+with+Bliss,/movie/bi/mi/basic.naver?code=84950
7664,Jackboots on Whitehall,2010,Jackboots+on+Whitehall,/movie/bi/mi/basic.naver?code=79868
7674,Contraband,1980,Contraband,0
7690,The Celestine Prophecy,2006,The+Celestine+Prophecy,/movie/bi/mi/basic.naver?code=49574
7700,Mirzya,2016,Mirzya,/movie/bi/mi/basic.naver?code=155042
7722,Personal Effects,2009,Personal+Effects,/movie/bi/mi/basic.naver?code=47316
7725,Kids in Love,2016,Kids+in+Love,/movie/bi/mi/basic.naver?code=118995
7748,Slender Man,2018,Slender+Man,/movie/bi/mi/basic.naver?code=171523
7759,A Light Beneath Their Feet,2016,A+Light+Beneath+Their+Feet,0
7766,Some Kind of Hate,2015,Some+Kind+of+Hate,/movie/bi/mi/basic.naver?code=141444
7770,Bob and the Monster,2011,Bob+and+the+Monster,/movie/bi/mi/basic.naver?code=111934
7807,Crawl,2011,Crawl,/movie/bi/mi/basic.naver?code=99497
7819,Housewife,2017,Housewife,/movie/bi/mi/basic.naver?code=163821
7846,Mickey Virus,2013,Mickey+Virus,/movie/bi/mi/basic.naver?code=116513
7849,Art of Darkness,2014,Art+of+Darkness,0
7853,Care,2018,Care,0
7855,The Barn,2016,The+Barn,/movie/bi/mi/basic.naver?code=156817
7863,Shiver,2008,Shiver,0
7866,Yumeji,1991,Yumeji,/movie/bi/mi/basic.naver?code=36578
7867,The Old Man and the Sea,1990,The+Old+Man+and+the+Sea,/movie/bi/mi/basic.naver?code=12474
7874,Mi America,2015,Mi+America,0
7894,The Poison Rose,2019,The+Poison+Rose,0
7905,Altered Hours,2016,Altered+Hours,0
7908,Tiger Girl,2017,Tiger+Girl,/movie/bi/mi/basic.naver?code=160572
7909,Girl on a Bicycle,2013,Girl+on+a+Bicycle,/movie/bi/mi/basic.naver?code=107458
7915,Refuge,2013,Refuge,0
7925,The Butterfly Tree,2017,The+Butterfly+Tree,/movie/bi/mi/basic.naver?code=166707
7926,Black Water,2018,Black+Water,/movie/bi/mi/basic.naver?code=158615
7927,Lingaa,2014,Lingaa,0
7935,Black November,2012,Black+November,/movie/bi/mi/basic.naver?code=101984
7986,Fear,1990,Fear,0
8012,Awaken the Shadowman,2017,Awaken+the+Shadowman,/movie/bi/mi/basic.naver?code=166579
8017,Cutterhead,2018,Cutterhead,/movie/bi/mi/basic.naver?code=179452
8032,The Horde,2016,The+Horde,/movie/bi/mi/basic.naver?code=138458
8054,Vendetta,1999,Vendetta,0
8058,Green Is Gold,2016,Green+Is+Gold,/movie/bi/mi/basic.naver?code=155270
8060,Neverlake,2014,Neverlake,0
8095,Inseparable,2011,Inseparable,0
8102,Eloise,2017,Eloise,0
8120,Between Strangers,2002,Between+Strangers,0
8121,Princess Cut,2015,Princess+Cut,/movie/bi/mi/basic.naver?code=151558
8161,Chicago Overcoat,2009,Chicago+Overcoat,/movie/bi/mi/basic.naver?code=72781
8181,Together,2019,Together,/movie/bi/mi/basic.naver?code=186227
8261,Nova Zembla,2011,Nova+Zembla,0
8263,Nemesis,1992,Nemesis,0
8303,American Dreamer,2019,American+Dreamer,0
8309,My Pet Dinosaur,2017,My+Pet+Dinosaur,/movie/bi/mi/basic.naver?code=171444
8333,Show Dogs,2018,Show+Dogs,/movie/bi/mi/basic.naver?code=168022
8352,Countdown,2011,Countdown,0
8364,The Other Boleyn Girl,2003,The+Other+Boleyn+Girl,/movie/bi/mi/basic.naver?code=61965
8377,Love Between the Covers,2015,Love+Between+the+Covers,0
8402,Andaz,1949,Andaz,0
8417,Formosa Betrayed,2010,Formosa+Betrayed,0
8430,Miles,2017,Miles,0
8442,Bharat,2019,Bharat,0
8478,Green Ice,1981,Green+Ice,/movie/bi/mi/basic.naver?code=17253
8498,Crossing Point,2016,Crossing+Point,/movie/bi/mi/basic.naver?code=138114
8512,Last Man Club,2016,Last+Man+Club,/movie/bi/mi/basic.naver?code=149030
8517,Pickings,2018,Pickings,0
8559,Vixen,2020,Vixen,0
8567,In My Sleep,2010,In+My+Sleep,0
8573,Noelle,2007,Noelle,0
8578,Beneath,2013,Beneath,/movie/bi/mi/basic.naver?code=119496
8587,The Big Squeeze,1996,The+Big+Squeeze,0
8597,Just Getting Started,2017,Just+Getting+Started,/movie/bi/mi/basic.naver?code=162218
8603,The Curse of Sleeping Beauty,2016,The+Curse+of+Sleeping+Beauty,/movie/bi/mi/basic.naver?code=134851
8639,Parasomnia,2008,Parasomnia,/movie/bi/mi/basic.naver?code=71918
8657,Vai Raja Vai,2015,Vai+Raja+Vai,0
8661,"We Love You, Sally Carmichael!",2017,We+Love+You%2C+Sally+Carmichael%21,/movie/bi/mi/basic.naver?code=166563
8703,20 Weeks,2018,20+Weeks,0
8729,Copperhead,2013,Copperhead,/movie/bi/mi/basic.naver?code=107093
8743,Wetlands,2017,Wetlands,/movie/bi/mi/basic.naver?code=168465
8751,Mother's Day,2019,Mother%27s+Day,0
8902,Running Wild: The Life of Dayton O. Hyde,2013,Running+Wild%3A+The+Life+of+Dayton+O.+Hyde,0
8975,3,2018,3,0
8980,The Jade Pendant,2017,The+Jade+Pendant,/movie/bi/mi/basic.naver?code=154216
9006,The Maid's Room,2014,The+Maid%27s+Room,0
9012,A Dark Reflection,2015,A+Dark+Reflection,/movie/bi/mi/basic.naver?code=169014
9038,Anonymous,2004,Anonymous,0
9056,The Ultimate Legacy,2015,The+Ultimate+Legacy,0
9074,My Lucky Star,2013,My+Lucky+Star,0
9107,Pig,2011,Pig,0
9149,Salt and Fire,2016,Salt+and+Fire,/movie/bi/mi/basic.naver?code=137984
9162,Camp Cool Kids,2017,Camp+Cool+Kids,/movie/bi/mi/basic.naver?code=169230
9182,Black Creek,2018,Black+Creek,0
9187,War,2014,War,0
9203,Cause for Alarm,1951,Cause+for+Alarm,0
9216,The Bronx Bull,2016,The+Bronx+Bull,0
9217,Darkness Falls,1999,Darkness+Falls,0
9218,Frank vs. God,2014,Frank+vs.+God,0
9237,Birds of Prey,1973,Birds+of+Prey,0
9252,Blood Feast,2016,Blood+Feast,/movie/bi/mi/basic.naver?code=164780
9333,A Date with Miss Fortune,2015,A+Date+with+Miss+Fortune,0
9343,Beast of Burden,2018,Beast+of+Burden,/movie/bi/mi/basic.naver?code=164126
9363,Allies,2014,Allies,/movie/bi/mi/basic.naver?code=154317
9385,City of Gold,1957,City+of+Gold,0
9427,A Rising Tide,2015,A+Rising+Tide,/movie/bi/mi/basic.naver?code=150497
9434,Gangster Land,2017,Gangster+Land,/movie/bi/mi/basic.naver?code=169636
9482,Full of Grace,2015,Full+of+Grace,/movie/bi/mi/basic.naver?code=173133
9535,The Wicked Gift,2017,The+Wicked+Gift,0
9559,Wildflower,2016,Wildflower,0
9587,From Inside,2008,From+Inside,/movie/bi/mi/basic.naver?code=50079
9622,Long Nights Short Mornings,2016,Long+Nights+Short+Mornings,/movie/bi/mi/basic.naver?code=147044
9651,I Am Here,2014,I+Am+Here,0
9702,A New High,2015,A+New+High,/movie/bi/mi/basic.naver?code=140885
9715,Ghosthouse,1988,Ghosthouse,0
9724,Atone,2019,Atone,/movie/bi/mi/basic.naver?code=183453
9765,Future World,2018,Future+World,/movie/bi/mi/basic.naver?code=151280
9782,Bernadette,2012,Bernadette,0
9806,All's Faire in Love,2009,All%27s+Faire+in+Love,0
9843,The Lion of Judah,2011,The+Lion+of+Judah,/movie/bi/mi/basic.naver?code=84421
9883,The Divine Tragedies,2015,The+Divine+Tragedies,/movie/bi/mi/basic.naver?code=138416
9889,The Giant Spider,2013,The+Giant+Spider,0
9943,Vigil,1984,Vigil,/movie/bi/mi/basic.naver?code=50616
9963,Dinotasia,2012,Dinotasia,/movie/bi/mi/basic.naver?code=99775
9966,Pablo,2012,Pablo,/movie/bi/mi/basic.naver?code=100405
9978,One Shot,2014,One+Shot,/movie/bi/mi/basic.naver?code=140932
9990,The Mason Brothers,2017,The+Mason+Brothers,0
10095,Deadtime Stories,1986,Deadtime+Stories,0
10106,Drive Hard,2014,Drive+Hard,/movie/bi/mi/basic.naver?code=118929
10217,Nerve,2013,Nerve,/movie/bi/mi/basic.naver?code=109578
10229,American Violence,2017,American+Violence,/movie/bi/mi/basic.naver?code=165766
10293,The Highest Pass,2012,The+Highest+Pass,0
10326,What Happens Next,2011,What+Happens+Next,/movie/bi/mi/basic.naver?code=108543
10348,Tonight She Comes,2018,Tonight+She+Comes,0
10390,Hard Boiled Sweets,2012,Hard+Boiled+Sweets,/movie/bi/mi/basic.naver?code=169678
10434,Hidden Moon,2012,Hidden+Moon,/movie/bi/mi/basic.naver?code=119479
10437,Free Fall,1999,Free+Fall,0
10459,In the Blood,2016,In+the+Blood,0
10461,Love Eternal,2013,Love+Eternal,/movie/bi/mi/basic.naver?code=112418
10498,The Pineville Heist,2016,The+Pineville+Heist,0
10520,Good Enough,2017,Good+Enough,0
10528,Mandie and the Cherokee Treasure,2010,Mandie+and+the+Cherokee+Treasure,0
10581,Big Bad Mama II,1987,Big+Bad+Mama+II,/movie/bi/mi/basic.naver?code=14474
10605,Ghosthunters,2016,Ghosthunters,/movie/bi/mi/basic.naver?code=170447
10667,Tommy,2014,Tommy,/movie/bi/mi/basic.naver?code=120500
10669,"Sincerely, Brenda",2018,Sincerely%2C+Brenda,0
10700,Cassidy Way,2016,Cassidy+Way,0
10749,Beneath the 12-Mile Reef,1953,Beneath+the+12-Mile+Reef,0
10752,The Taming of the Shrew,1929,The+Taming+of+the+Shrew,0
10765,Eternal Salvation,2016,Eternal+Salvation,0
10879,Such Good People,2014,Such+Good+People,/movie/bi/mi/basic.naver?code=141679
10899,Swami,2007,Swami,0
10905,The Pagan Queen,2009,The+Pagan+Queen,/movie/bi/mi/basic.naver?code=104096
10910,First We Take Brooklyn,2018,First+We+Take+Brooklyn,/movie/bi/mi/basic.naver?code=172813
10987,Trigger Point,2015,Trigger+Point,/movie/bi/mi/basic.naver?code=172346
10994,Varan the Unbelievable,1962,Varan+the+Unbelievable,/movie/bi/mi/basic.naver?code=69581
11027,Come Morning,2012,Come+Morning,/movie/bi/mi/basic.naver?code=119347
11068,Horsehead,2014,Horsehead,/movie/bi/mi/basic.naver?code=132142
11070,The Banker,1989,The+Banker,/movie/bi/mi/basic.naver?code=28707
11124,Mercenaries,2014,Mercenaries,/movie/bi/mi/basic.naver?code=145693
11133,The Unwilling,2017,The+Unwilling,/movie/bi/mi/basic.naver?code=152683
11164,Blinder,2013,Blinder,/movie/bi/mi/basic.naver?code=102645
11232,Dinosaur Island,2014,Dinosaur+Island,/movie/bi/mi/basic.naver?code=155108
11252,Lobster Cop,2018,Lobster+Cop,0
11271,Tracks,1976,Tracks,0
11384,Cherry Tree,2015,Cherry+Tree,/movie/bi/mi/basic.naver?code=142077
11398,The Bakken,2017,The+Bakken,0
11401,Trace,2015,Trace,/movie/bi/mi/basic.naver?code=167370
11403,Hope Lost,2015,Hope+Lost,/movie/bi/mi/basic.naver?code=140245
11469,Retornos,2010,Retornos,/movie/bi/mi/basic.naver?code=153335
11474,Stash House,2012,Stash+House,/movie/bi/mi/basic.naver?code=93678
11487,Life Guidance,2018,Life+Guidance,0
11493,Alter Egos,2012,Alter+Egos,/movie/bi/mi/basic.naver?code=97527
11494,The Night Crew,2015,The+Night+Crew,/movie/bi/mi/basic.naver?code=165542
11507,Everything's Jake,2000,Everything%27s+Jake,0
11551,The Rendezvous,2016,The+Rendezvous,/movie/bi/mi/basic.naver?code=156542
11625,Munchie,1992,Munchie,/movie/bi/mi/basic.naver?code=12468
11643,Lost for Words,2013,Lost+for+Words,/movie/bi/mi/basic.naver?code=102831
11661,Virgin Witch,1972,Virgin+Witch,0
11685,Six Gun Savior,2016,Six+Gun+Savior,/movie/bi/mi/basic.naver?code=167439
11726,Once Fallen,2010,Once+Fallen,/movie/bi/mi/basic.naver?code=74252
11757,Dead Souls,2012,Dead+Souls,0
11773,Lizzie,2013,Lizzie,/movie/bi/mi/basic.naver?code=106304
11805,Kaashmora,2016,Kaashmora,0
11896,Huk!,1956,Huk%21,/movie/bi/mi/basic.naver?code=13968
11897,The Doll Squad,1973,The+Doll+Squad,0
11918,The Borrowers,1973,The+Borrowers,0
11920,Sorceress,1987,Sorceress,0
11940,Remember Me,2016,Remember+Me,/movie/bi/mi/basic.naver?code=158013
11957,Chu and Blossom,2014,Chu+and+Blossom,/movie/bi/mi/basic.naver?code=121001
12020,Hired to Kill,1990,Hired+to+Kill,0
12029,Suicide Squad,1935,Suicide+Squad,0
12050,Operator,2015,Operator,/movie/bi/mi/basic.naver?code=143238
12110,The Dead Matter,2010,The+Dead+Matter,0
12119,Hollywood Musical!,2015,Hollywood+Musical%21,0
12141,Barracuda,2013,Barracuda,0
12290,Aap Ki Khatir,2006,Aap+Ki+Khatir,0
12303,Manos: The Hands of Fate,1966,Manos%3A+The+Hands+of+Fate,/movie/bi/mi/basic.naver?code=141462
12312,Shattered Sky,2012,Shattered+Sky,0
12372,Hope Dances,2017,Hope+Dances,0
12401,Nightmare,2007,Nightmare,0
12434,Clowntergeist,2017,Clowntergeist,/movie/bi/mi/basic.naver?code=166501
12453,Within,2009,Within,0
12463,Kickboxer,1993,Kickboxer,0
12475,The Bunnyman Massacre,2014,The+Bunnyman+Massacre,0
12488,The Last Stand,2006,The+Last+Stand,/movie/bi/mi/basic.naver?code=43995
12524,Tales of the Riverbank,2008,Tales+of+the+Riverbank,0
12530,Counting for Thunder,2015,Counting+for+Thunder,0
12533,The Marksman,2005,The+Marksman,/movie/bi/mi/basic.naver?code=42805
12764,Christmas Break-In,2019,Christmas+Break-In,0
12772,Dawn of the Dragonslayer,2011,Dawn+of+the+Dragonslayer,/movie/bi/mi/basic.naver?code=120301
12846,AWOL-72,2015,AWOL-72,/movie/bi/mi/basic.naver?code=137712
12923,Chaarulatha,2012,Chaarulatha,0
13000,The Red Man,2016,The+Red+Man,0
13088,Don't Hang Up,1974,Don%27t+Hang+Up,0
13097,Coming Home,2012,Coming+Home,0
13129,Zombie Night,2013,Zombie+Night,/movie/bi/mi/basic.naver?code=148601
13138,A Doggone Hollywood,2017,A+Doggone+Hollywood,0
13163,The Third Day,1965,The+Third+Day,0
13178,Stasis,2017,Stasis,/movie/bi/mi/basic.naver?code=163795
13238,My Little Sister,2016,My+Little+Sister,0
13296,Disconnect,2010,Disconnect,0
13396,The Callback Queen,2013,The+Callback+Queen,/movie/bi/mi/basic.naver?code=123867
13490,Rats,2003,Rats,/movie/bi/mi/basic.naver?code=36424
13497,Anna,2017,Anna,/movie/bi/mi/basic.naver?code=177249
13529,The Fuzzy Pink Nightgown,1957,The+Fuzzy+Pink+Nightgown,0
13538,Truth About Kerry,2010,Truth+About+Kerry,/movie/bi/mi/basic.naver?code=137719
13602,The Corrupted,2010,The+Corrupted,0
13618,Splintered,2010,Splintered,/movie/bi/mi/basic.naver?code=82602
13733,The Harrow,2016,The+Harrow,0
13734,Deserted,2016,Deserted,/movie/bi/mi/basic.naver?code=167327
13855,Inhumanity,2017,Inhumanity,0
13874,The Bench,2014,The+Bench,0
13912,Coyotes,1999,Coyotes,0
13940,Chasing Grace,2015,Chasing+Grace,0
14055,The Land That Time Forgot,2009,The+Land+That+Time+Forgot,/movie/bi/mi/basic.naver?code=73771
14063,The Speed of Thought,2011,The+Speed+of+Thought,0
14065,Alienated,2015,Alienated,/movie/bi/mi/basic.naver?code=159088
14110,The Veteran,2006,The+Veteran,0
14186,Streets of Rage,1994,Streets+of+Rage,/movie/bi/mi/basic.naver?code=26293
14193,Ghoulies IV,1994,Ghoulies+IV,/movie/bi/mi/basic.naver?code=27598
14220,Demons,2014,Demons,0
14251,5 Shells,2012,5+Shells,0
14304,Polder,2015,Polder,/movie/bi/mi/basic.naver?code=149507
14430,A Doggone Christmas,2016,A+Doggone+Christmas,0
14453,Scavengers,2013,Scavengers,/movie/bi/mi/basic.naver?code=147394
14472,Armstrong,1998,Armstrong,/movie/bi/mi/basic.naver?code=24460
14611,She Demons,1958,She+Demons,0
14659,True Love,2005,True+Love,0
14685,Nobody,2007,Nobody,0
14738,The Bystander Theory,2013,The+Bystander+Theory,0
14746,Puss in Boots,1993,Puss+in+Boots,0
14859,The Good Shepherd,2004,The+Good+Shepherd,0
14954,Get the Girl,2009,Get+the+Girl,0
14960,Deep in the Darkness,2014,Deep+in+the+Darkness,/movie/bi/mi/basic.naver?code=142735
14989,Raised by Wolves,2014,Raised+by+Wolves,/movie/bi/mi/basic.naver?code=164762
15015,Drone,2014,Drone,/movie/bi/mi/basic.naver?code=132257
15166,The Culling,2015,The+Culling,0
15277,Army of the Dead,2008,Army+of+the+Dead,/movie/bi/mi/basic.naver?code=122459
15298,Game of Aces,2016,Game+of+Aces,0
15329,At All Cost,2015,At+All+Cost,0
15447,Igor and the Lunatics,1985,Igor+and+the+Lunatics,0
15473,Time Lapse,2001,Time+Lapse,/movie/bi/mi/basic.naver?code=33373
15546,Bela Kiss: Prologue,2013,Bela+Kiss%3A+Prologue,/movie/bi/mi/basic.naver?code=125562
15590,Creep Van,2012,Creep+Van,0
15697,Attila,2013,Attila,/movie/bi/mi/basic.naver?code=144399
15726,Satanic Panic,2009,Satanic+Panic,0
15787,Bone Eater,2007,Bone+Eater,/movie/bi/mi/basic.naver?code=73440
15795,Contract Killers,2014,Contract+Killers,/movie/bi/mi/basic.naver?code=163097
15888,Sunshine,2013,Sunshine,/movie/bi/mi/basic.naver?code=124764
16089,Cowboys and Indians,2002,Cowboys+and+Indians,0
16133,Junior,2013,Junior,0
16215,The Lion King,1994,The+Lion+King,/movie/bi/mi/basic.naver?code=16521
16216,Toy Story,1995,Toy+Story,/movie/bi/mi/basic.naver?code=17153
16217,Avengers: Endgame,2019,Avengers%3A+Endgame,/movie/bi/mi/basic.naver?code=136900
16219,Up,2009,Up,/movie/bi/mi/basic.naver?code=52120
16220,Guardians of the Galaxy,2014,Guardians+of+the+Galaxy,/movie/bi/mi/basic.naver?code=97857
16221,Finding Nemo,2003,Finding+Nemo,/movie/bi/mi/basic.naver?code=32116
16223,Toy Story 3,2010,Toy+Story+3,/movie/bi/mi/basic.naver?code=66463
16224,"Monsters, Inc.",2001,Monsters%2C+Inc.,/movie/bi/mi/basic.naver?code=32112
16226,Zootopia,2016,Zootopia,/movie/bi/mi/basic.naver?code=130850
16229,Thor: Ragnarok,2017,Thor%3A+Ragnarok,/movie/bi/mi/basic.naver?code=134898
16230,The Princess Bride,1987,The+Princess+Bride,/movie/bi/mi/basic.naver?code=16983
16231,Ratatouille,2007,Ratatouille,/movie/bi/mi/basic.naver?code=65021
16234,Toy Story 2,1999,Toy+Story+2,/movie/bi/mi/basic.naver?code=27578
16235,The Incredibles,2004,The+Incredibles,0
16236,Pirates of the Caribbean: The Curse of the Black Pearl,2003,Pirates+of+the+Caribbean%3A+The+Curse+of+the+Black+Pearl,/movie/bi/mi/basic.naver?code=37148
16237,Avatar,2009,Avatar,0
16238,Big Hero 6,2014,Big+Hero+6,/movie/bi/mi/basic.naver?code=109911
16239,Doctor Strange,2016,Doctor+Strange,/movie/bi/mi/basic.naver?code=125459
16241,Rogue One: A Star Wars Story,2016,Rogue+One%3A+A+Star+Wars+Story,/movie/bi/mi/basic.naver?code=136868
16242,Toy Story 4,2019,Toy+Story+4,/movie/bi/mi/basic.naver?code=101966
16244,Frozen,2013,Frozen,0
16246,Black Panther,2018,Black+Panther,/movie/bi/mi/basic.naver?code=137326
16249,Ant-Man,2015,Ant-Man,/movie/bi/mi/basic.naver?code=92064
16250,Onward,2020,Onward,/movie/bi/mi/basic.naver?code=187351
16253,Finding Dory,2016,Finding+Dory,/movie/bi/mi/basic.naver?code=97629
16256,Iron Man 3,2013,Iron+Man+3,/movie/bi/mi/basic.naver?code=70254
16258,Ice Age,2002,Ice+Age,/movie/bi/mi/basic.naver?code=34449
16261,Monsters University,2013,Monsters+University,/movie/bi/mi/basic.naver?code=75415
16263,Togo,2019,Togo,/movie/bi/mi/basic.naver?code=196737
16264,A Bug's Life,1998,A+Bug%27s+Life,0
16265,The Jungle Book,1967,The+Jungle+Book,/movie/bi/mi/basic.naver?code=13123
16269,Fantasia,1940,Fantasia,/movie/bi/mi/basic.naver?code=11023
16273,Lady and the Tramp,1955,Lady+and+the+Tramp,/movie/bi/mi/basic.naver?code=13175
16276,Star Wars: The Last Jedi,2017,Star+Wars%3A+The+Last+Jedi,/movie/bi/mi/basic.naver?code=125488
16278,Star Wars: The Rise of Skywalker,2019,Star+Wars%3A+The+Rise+of+Skywalker,/movie/bi/mi/basic.naver?code=144694
16279,Pirates of the Caribbean: Dead Man's Chest,2006,Pirates+of+the+Caribbean%3A+Dead+Man%27s+Chest,0
16281,Captain Marvel,2019,Captain+Marvel,/movie/bi/mi/basic.naver?code=132623
16286,Pirates of the Caribbean: At World's End,2007,Pirates+of+the+Caribbean%3A+At+World%27s+End,0
16295,Treasure Planet,2002,Treasure+Planet,/movie/bi/mi/basic.naver?code=32115
16299,The Good Dinosaur,2015,The+Good+Dinosaur,/movie/bi/mi/basic.naver?code=109910
16303,TRON: Legacy,2010,TRON%3A+Legacy,/movie/bi/mi/basic.naver?code=72357
16305,The Aristocats,1970,The+Aristocats,/movie/bi/mi/basic.naver?code=16907
16306,Cars 3,2017,Cars+3,/movie/bi/mi/basic.naver?code=152396
16308,Homeward Bound: The Incredible Journey,1993,Homeward+Bound%3A+The+Incredible+Journey,/movie/bi/mi/basic.naver?code=18571
16309,Maleficent: Mistress of Evil,2019,Maleficent%3A+Mistress+of+Evil,/movie/bi/mi/basic.naver?code=167635
16310,Before the Flood,2016,Before+the+Flood,/movie/bi/mi/basic.naver?code=154391
16313,Flight of the Navigator,1986,Flight+of+the+Navigator,/movie/bi/mi/basic.naver?code=27659
16314,James and the Giant Peach,1996,James+and+the+Giant+Peach,/movie/bi/mi/basic.naver?code=18959
16319,Tinker Bell,2008,Tinker+Bell,0
16321,Eight Below,2006,Eight+Below,/movie/bi/mi/basic.naver?code=58323
16324,John Carter,2012,John+Carter,/movie/bi/mi/basic.naver?code=86784
16329,"Honey, I Shrunk the Kids",1989,Honey%2C+I+Shrunk+the+Kids,/movie/bi/mi/basic.naver?code=10781
16332,The BFG,2016,The+BFG,/movie/bi/mi/basic.naver?code=137340
16333,The Princess Diaries,2001,The+Princess+Diaries,/movie/bi/mi/basic.naver?code=33004
16334,National Treasure: Book of Secrets,2007,National+Treasure%3A+Book+of+Secrets,/movie/bi/mi/basic.naver?code=36746
16338,The Greatest Game Ever Played,2005,The+Greatest+Game+Ever+Played,/movie/bi/mi/basic.naver?code=50226
16344,Hocus Pocus,1993,Hocus+Pocus,/movie/bi/mi/basic.naver?code=27149
16349,The Rocketeer,1991,The+Rocketeer,/movie/bi/mi/basic.naver?code=11026
16351,Atlantis: The Lost Empire,2001,Atlantis%3A+The+Lost+Empire,/movie/bi/mi/basic.naver?code=32035
16358,Brother Bear,2003,Brother+Bear,/movie/bi/mi/basic.naver?code=37740
16360,Muppets Most Wanted,2014,Muppets+Most+Wanted,/movie/bi/mi/basic.naver?code=109694
16361,The Journey of Natty Gann,1985,The+Journey+of+Natty+Gann,/movie/bi/mi/basic.naver?code=14922
16366,Adventures in Babysitting,2016,Adventures+in+Babysitting,/movie/bi/mi/basic.naver?code=149782
16367,Dinosaur,2000,Dinosaur,/movie/bi/mi/basic.naver?code=29714
16368,Dumbo,2019,Dumbo,/movie/bi/mi/basic.naver?code=163787
16382,Return to Oz,1985,Return+to+Oz,/movie/bi/mi/basic.naver?code=14213
16387,Penguins,2019,Penguins,/movie/bi/mi/basic.naver?code=181696
16392,Science Fair,2018,Science+Fair,/movie/bi/mi/basic.naver?code=172750
16395,The Odd Life of Timothy Green,2012,The+Odd+Life+of+Timothy+Green,/movie/bi/mi/basic.naver?code=88245
16416,Iron Will,1994,Iron+Will,/movie/bi/mi/basic.naver?code=17623
16422,Deep Blue,2003,Deep+Blue,/movie/bi/mi/basic.naver?code=36849
16423,Red Tails,2012,Red+Tails,/movie/bi/mi/basic.naver?code=74030
16432,The Crimson Wing: Mystery of the Flamingos,2008,The+Crimson+Wing%3A+Mystery+of+the+Flamingos,/movie/bi/mi/basic.naver?code=128514
16451,Homeward Bound II: Lost in San Francisco,1996,Homeward+Bound+II%3A+Lost+in+San+Francisco,/movie/bi/mi/basic.naver?code=18583
16466,Stargirl,2020,Stargirl,0
16468,The Shaggy Dog,1959,The+Shaggy+Dog,/movie/bi/mi/basic.naver?code=62660
16482,Mars Needs Moms,2011,Mars+Needs+Moms,/movie/bi/mi/basic.naver?code=74976
16513,Kitbull,2019,Kitbull,/movie/bi/mi/basic.naver?code=191750
16521,Valiant,2005,Valiant,/movie/bi/mi/basic.naver?code=42584
16522,Candleshoe,1977,Candleshoe,/movie/bi/mi/basic.naver?code=82333
16523,The Haunted Mansion,2003,The+Haunted+Mansion,/movie/bi/mi/basic.naver?code=37896
16557,Into the Okavango,2018,Into+the+Okavango,/movie/bi/mi/basic.naver?code=180741
16569,Lamp Life,2020,Lamp+Life,0
16572,Operation Dumbo Drop,1995,Operation+Dumbo+Drop,/movie/bi/mi/basic.naver?code=18899
16608,Apollo: Missions to the Moon,2019,Apollo%3A+Missions+to+the+Moon,0
16624,Dolphin Reef,2018,Dolphin+Reef,0
16688,Kazaam,1996,Kazaam,/movie/bi/mi/basic.naver?code=19030
16694,The Flood,2018,The+Flood,0
16723,Secrets of Life,1956,Secrets+of+Life,/movie/bi/mi/basic.naver?code=94763
