music_director,id
Hans Zimmer,0YC192cP3KPCRWx8zr8MfZ
Don Davis,3eCpCUtYdBCM1twAb4mk8I
Alan Silvestri,0Xk15jHKly4c3AhPr5vjoA
Ennio Morricone,1nIUhcKHnK6iyumRyoV68C
Daniel Pemberton,7LbEDjJKrmWoMcN3OpaNnR
John Williams,3dRfiJ2650SZu6GbydcHNb
Mary Ramos,7Ji1NR68wjWrbK0IBoPML6
Bernard Herrmann,5bUj39bg0zEbRzjUEISMG9
Shantanu Moitra,6hpDlOvqsnIxrPegGTWVY1
Javier Navarrete,6Ayc7FBYR3HjkGQb7SZrzQ
Stephen Rennicks,1qwshnqmsxCWhZAnBIISeL
George Fenton,0NdNx5JwLDvas2LsMVTSyQ
Alexandre Desplat,71jzN72g8qWMCMkWC5p1Z0
Arcade Fire,3kjuyTCjPG1WMFCiyc5IuB
Jonny Greenwood,0z9s3P5vCzKcUBSxgBDyLU
Trent Reznor,6cadOIa5DTh6a5mGo5r4bh
Michael Brook,5NTEVDdw1KuWN3cUX3kZ1y
Geoffrey Burgon,46p1LVHDqfnYeFVM8ISmMv
Geoff Barrow,53b2a4ytPlelgBJYLLocWh
Danny Elfman,5qBZETtyzfYnXOobDXbmcD
Clinton Shorter,23Vu6ClvSnmNSbz3ODd3iJ
Clint Mansell,01xiB0IlXMXy3wrrotgDnU
Randy Newman,3HQyFCFFfJO3KKBlUfZsyW
Cliff Martinez,2OVqg3lxC8ZIf0vHcEqaCf
Jang Young-gyu,2sanmWGxfxz9qOji37W00z
Michael Giacchino,4kLvhMAuCloLxoP1aVM7Lr
Pritam Chakraborty,1wRPtKGflJrBx9BmLsSwlU
Alfonso Gonzalez Aguilar,5vNEteJWAaoHdm5Hdcyibv
Clint Eastwood,5NfaORyb548xmt85LGHYFV
Alf Clausen,204ZU9CffrFSErXPVD8vue
Heitor Pereira,2RaHCHhZWBXn460JpMaicz
Nick Cave,4UXJsSlnKd7ltsrHebV79Q
John Debney,7mCsyzq823cXJ5puxUN3aJ
Kenji Kawai,0lzVrkjlIZJH18hk2Gcjkp
Andrea Guerra,2RH4zVV2q0H5iVnfSl7XFz
Antonio Pinto,7jBJcoFeQkHaqrJBIZsd5h
Nigel Godrich,0g7gHEXKEHU4snTwOZSxNO
Jon Brion,57YJQe0ayvIaRZJ3PW5nFP
Ludovic Bource,4Lx6uOxQ4XKD1ljjST8NTD
Leslie Bricusse,6WYFvZo9oPFiHYMjEluhG3
Bjorn Isfalt,30Y14efNTKd7j3vp1pck3y
Marco Beltrami,7yAPsqNhqqsTGsuOSZJg0i
Howard Shore,0OcclcP5o8VKH2TRqSY2A7
Christophe Beck,1GjWNGbMtHDQ7CNYf2d7cw
Rodriguez,5PrHzxc3kFm4hIrGNmelpX
Thomas Newman,1csBgT42N4pPPs1HJhxXIK
Joe Wong,62TZuRSv7K8KK5BmL90K32
Dave Porter,1WkfFuCfD2BnsiyPElbEv5
David Sardy,0np7Gr66erHdUHa86JX1bj
Joseph LoDuca,7K8ZZVUXpoWs9KH9VAoVhi
Nick Laird-Clowes,56OlOgSvpY0dGFjQaZhGAC
Ira Newborn,665KyJHrkWF8QJ94IyHKKZ
David Wingo,7mRf8eSpaoh4FD8D4mtvRk
Mike Shields,4jWcp8jMV8bggkTcsp1tqm
Bryce Dessner,5HHKeO04SOcxUxjruFXf5l
Jason Moran,7g3iwvP459BN53F7CDxemI
Adam Crystal,25reUnj1GP4HIRCcGtf5w3
Scott Bomar,76U2ctIFClRwEXVv28BVtk
David Newman,1dDZTSkKTjksBy9tfsf9ob
Jaeil Jung,34J5kKR5szbJ5fGK7f8HCU
Adam Peters,5p07GMal2RwFDOZergTwrD
Nancy Wilson,2JfVCMa3FlvQRlLT5uH9zb
Christopher Willis,1Qu6r22G2M8Xqz0GawYv8P
Eric Serra,1DptMAbvFajxK4ZObg1OdA
Daniel Lopatin,13PoSkMaBxmC6EeAu2oBhH
Rob Simonsen,2ZeUaZT3s3NSbeV7OS094J
M.M. Keeravani,12l1SqSNsg2mI2IcXpPWjR
Ryan Dodson,7DGPUEdpTMR3iClyv2VjsW
Grizzly Bear,2Jv5eshHtLycR6R8KQCdc4
Shankar Mahadevan,1SJOL9HJ08YOn92lFcYf8a
Will Blair,1qaepe7DVrHTHCAGRoPIiZ
John Powell,3EAHF3jdnHHdko5DBrhRUP
Carter Burwell,0SbSDzM4X41hnlURed0fcV
David Pirner,6yPKZzirOuI1d5bnRvQHSv
Abel Korzeniowski,5RGAUCWFZyymaMSAZJeice
Graeme Revell,7H6sziUg6YjKlef45qOv8h
Britta Phillips,0IA38jACu3c1SNAJ7Aeu4t
Sophie Hunger,3nOQJdlPEzFVhTEzxwcGax
Dickon Hinchliffe,3SzIzpOIDpgwKNWaKL4FG4
Tony Doogan,19CNrPSP5twBKtPPwDFvmz
Tamar-kali,7JIvYIoSFTMVO2q7FoWO1e
George S. Clinton,7yNXDeNn1rHZaEk941GcWZ
Brooke Blair,1MkCnZKJnLNlLUv2AEclLw
Gustavo Santaolalla,4W3fa7tiXGVXl3KilbACqt
The Newton Brothers,7dlJy6RJTqYprtHmWYBOv3
Mark Isham,5qlzaXu4riV8YLrL97cwyI
Vishal Bhardwaj,1JdHoZwkwOmX2Pl2iTwnzc
David Hirschfelder,5JAUs92Wa8WKj9pnsVVRRY
Alex Somers,51UcKPhDKdKDGIjec0781x
Dan Luscombe,0D3V4C2H1DcTptuQievFAQ
Danny Bensi,7fO0iCzJh7IvVEFiFYfOC2
Patrick Jonsson,5wedfwksIuL9RVB3VpGxcl
Mychael Danna,0x8J72N9ilqcIZbWEKB8T2
Mangesh Dhakde,4zdNcohSOQooKGsNaLAzjJ
Timothy Wynn,2Q7yEF9GmBah7qMbTAkriJ
James Horner,3PhL2Vdao2v8SS8AptuhAr
Klaus Badelt,03GruNQP8X25PCoWzdvIGZ
Harry Gregson-Williams,1BxqJ6pOCi8mkSjCbFYjpW
Michael Andrews,0RkqytrwoGyXGvDiZwT6i2
Anne Dudley,41dLItQx3PSyP6n1AMd87b
Alex Ebert,1me05HW5s7TShHra5nN7uE
Adam Balazs,1Q1NCNa5U65NzGjksLH0Zk
Joseph Bishara,4fVy28K9jDfbyHtPGFYqjk
Cristobal Tapia de Veer,3uUcdriXzvaQapjo3a4DZR
Max Richter,2VZNmg4vCnew4Pavo8zDdW
Roger Neill,5uIsAGdhVwyi5n2HAvlyk9
Andy Hull,1Rule8VpCyWvoSwUQQqGDV
Kotoringo,7lG8E4gKksZFbBPRcAO4E0
Daniel Hart,3T91YntaaHTAKK2GYoTUPW
Patrick Stump,0wsdUS0EJ7zHgti2nxTVWR
Jimmy Lavalle,1W3i3D5iKgKH5Yg2XhXqby
Nathan Matthew David,306pekW0ihKJVqobzcmBC4
Gavin Cullen,6mCKBAD4DqpCVo4tTUiGZb
David Buckley,4XPIcwAIeDGi8lNDSbnGaT
Johan Soderqvist,0Z6bE6kOVhh2DHZPMUz2Sr
Marc Shaiman,4A5NGno1SttXk4vB4SLGHo
Philip Sheppard,6qzi6mPoJU4cBlO76U1Il1
Aria Prayogi,0Bx8mIKYXVFyxUJ1C9qfPr
Sven Faulconer,7KcNvEeatwBdFGU3d9eAUH
Chad Cannon,6uWCfedtEI8DXT7DVwCxj2
Ryan Taubert,79jExF7jUg31BFtXAmru1k
James Newton Howard,2M4eNCvV3CJUswavkhAQg2
A.R. Rahman,1mYsTxnqsietFxj1OgoGbG
Saul Simon MacWilliams,0FlGu9ZnuvVtbtN2Gc9GNg
Christian Wibe,3sPh3kwEL3zqTj6FnjCy2F
Mark Mothersbaugh,5sEDTHJJyDEWVFx99hGSIb
Lyle Workman,2nNBTVuxOW6ZpFtxf4vRT5
Jed Kurzel,0qmPsuVLBgel2EQA4dm7ij
Brocker Way,7luqyCs5ufZ03HQqQeaAJW
Paul Haslinger,5d9PdhcsOsXj0GIM857nvE
Christopher Young,1FMXF1g4Fz2MWDTogFj9EC
Andrew Hewitt,4mMQy7Q3I3lcJXhk1FBy1P
Conrad Pope,4dv7Vcz8DINl6TC179Y7s6
Amit Trivedi,7HCqGPJcQTyGJ2yqntbuyr
Howard Paar,3EM7v06jmbfRWUNoqtP0nh
Mark Everett,6UCSxgEZeOUybcQeru3vQu
Nicholas Pike,7assoBxHmJ5u2UPDSQE6ZC
Ramachandra Borcar,66JM6QvbhVbT1WcRPvjiRL
Marco D'Ambrosio,3Q9ujIlmpnUtIQ5aFOVkhJ
Trevor Morris,5ikWl4mjoiFlLPvkFRZETq
Miles Goodman,6EO3sg6d03gDegWGl2eILt
Joao Eleuterio,1y7VcXeThRKp8T6xajvZQR
James L. Venable,3sPQmJWSvOEeSec8vZtYFN
Deborah Lurie,0zU7G01YKSZImwBPRU9ObN
Tom Howe,5784JqAJvI24V2Kr3xhoX6
Valentin Hadjadj,1fB8FRxj2bxuM2ssxdyFq0
Julian Wass,6QXqARXg4hZ3oAUitm2gU0
Bear McCreary,2ifvIECHAlEgPMBuBOJ0lG
Mike Patton,34Ai24gPz5YJ8NbksiNFef
Ian M Colletti,7GQyON9ihfvM0EhcbdWLHS
Jeff Beal,4J71DltC2dxSTBO9kq14zS
Henry Jackman,5SEW04tNMMrOz7UFQJA6vz
Rick Holets,5nnXnBJvXdXUD6YJw5gJ5j
Steve Jablonsky,5Il8YjuVAWkWNH2xgjFMpF
Pete Anthony,5KKEMrGvNos1TXpuGz9Rbr
Ram Sampath,3PpjqSKBer3obW6lDflOBx
Joel Goodman,2A0ntdSCRRvcg0UB3ADffI
Brian McOmber,6SgmJflkwEjvHIpby6qbP1
Kyle Field,5nOx43Nv2gJ8tcHa0DqOQ1
Jim Copperthwaite,7roEen94bDxXPEhG3DVjej
Alberto Iglesias,1HRRbATgv6NPHs7Twm74p2
Philip Glass,69lxxQvsfAIoQbB20bEPFC
Takatsugu Muramatsu,2FdBheCRIgBMhygsbki1mO
Anne Nikitin,1ZA3IynpePtaBeajOMrFfr
Shirley Walker,6xA7PXadQA9wqRfcs8S5cy
Nathan Johnson,0zWHBQv6knnmZSovIvl6b1
Tyler Strickland,7snYyPFSpX5wsEnrEEEx5u
Grey Dogs,22kCyciiVm1POZQZ4SPCbJ
Alan John,09VaicGZPX9BGrS8VpnCme
Dominique Charpentier,2BDEX7NzONc6kAxVXu9lBa
Carlo Siliotto,4XUkCIS8otulGNjKrtRar7
Julia Holter,0bsV0sUjnCuCTYOnNHQl3E
Mikey McCleary,6p4FpOvJaSSljYGlkKsS40
Irwin Kostal,1HmcCckVaFw44DHhZKuKgN
Ralf Wengenmayr,407ug053TsZjsjmzcGHaSZ
Bruno Coulais,5kjb55jtwPnbYXXDvP4x7R
Ben Lovett,0cVU7btrDj2wgm5sBj4LFv
Ben Frost,6qEM4txXHvfMbOUOK9L7pl
Aaron Zigman,74M3iphMpn1MA2YUe2Iigb
Junkie XL,5svDnd8joFhbpbA3Ar0CfN
Rachel Portman,1joFZGTRER78nUsWtgHCHR
Lorne Balfe,6dU7gPN2BhEPfO5QHLt7es
Cezary Skubiszewski,1sd3HsherSiotPlHChHZaK
Mark Degli Antoni,6o18C1Sq52uiMCFHAmgTCi
Nathan Larson,1Iu1TxDKUo4cvo85jnWaRH
Marc Streitenfeld,02qXVbvAMyWhdHb2GfUcXM
BT,3Nrfpe0tUJi4K4DXYWgMUX
Ken Myhr,5Nz3oRYcrM6Do6gZYd6wuJ
Luke Jennings,55ICWf7qOjwTPsmlYEswh7
Elliot Goldenthal,0ObFwq8w8SfMs0xQqafq6y
Alec Harrison,2ySSat7Ssn6gI0xyZyOMb0
David Arnold,0mCdmt2O8dd8jJWv7m24EE
Osei Essed,3NNWqOS9fDEE7Xs0lwf1Ov
Nathan Barr,0e0qyGBSGh9YwvpQFbkRBC
Samuel Jones,39h4tDqRyZAn0LJRbnRREN
Gavin Brivik,1Bmvy1kf1fNMyGNWchCQXn
Demusmaker,04YHyUbd7Ic47Zi2LtPzuv
Ishai Adar,11mjRuIHj66yuPVWhWyfAZ
Chris Roe,5KEG7G8LDYlHgFDqZyEEs2
Ludovico Einaudi,2uFUBdaVGtyMqckSeCl0Qj
Ilan Eshkeri,147dKKwnUn9qesNx8uAs3Z
Nigel Westlake,49bnfbvLYFN3S29cK5ttgx
Michael Kamen,68bqsIINo5RFICYwbkChbb
Daniel Wohl,2Rzi5GaKkOxSJsLd9R0HPG
Clinton Cerejo,2j9QVMZlqIj4Cb9UISBrXK
Rolfe Kent,3B0bZAXnHTpGuPsuQo5fEd
David Kitay,4iuhN8fFgwQGPrzRXUY46O
John Massari,29walRLKlG7M9KUGnhYkDw
Jason Graves,0kZQLbj8h2SMVZHUJSbfBQ
James Murphy,03XnX4XEVVtZNUBSdUlzsB
Nathaniel Mechaly,4zOhshnJo8r5Bk7sw42Rgn
Anthony Di Lorenzo,4REYezuyf4RjDfw6vW6dLz
Terence Blanchard,7IbO8NvxclKsk7WTOZ42bv
Michael Cudahy,6d4iGguTZ3YYqM5yBf4FGf
Bryan Senti,4QSmk1Bll3nbQfsjTe7vIR
Andrew Swarbrick,0Z79HmvMBiyaITjzJihjPm
Harald Kloser,7CrDa4z7UgtWJSGLlzyYV8
Anton Sanko,5scQSrIKJHCtLcIaBAqKFh
Andrew Feltenstein,5qJovEanCVwF7BEFibJQjx
Day Tai,6KrqYpHc3yCo5PdfZgkrZr
Federico Jusid,4Bjfwb6PiXwqru4DHOMwIq
Dave Lebolt,7lf4oQdww9xJEW4WF4UD43
Dan Romer,5ppJZFMF0gAfrHfZTGuHe4
Xiaotian Shi,1bqsWoMw88Wd0Z9k4TpV9l
Keegan DeWitt,1QkkfXx0WxSxmUIQOkSWa2
Trevor Rabin,23ukNzhMiRiYgORi3n3RJq
Rupert Gregson-Williams,2vuXYcTqreOLLnlKtMV5UG
Cliff Eidelman,1PKDFW9NYJiuVuC5mOOeaa
Ramon Balcazar,4BXSMAt7Nfi9P7r2xQ9oAf
Rohan Pradhan,5OvvUIcEWpnKuP0F3HoRce
Peter Henry Phillips,6AeUehBSY9sVz1UPIdghsb
Randy Edelman,3shMd6Vll0mOcviQ3hrk8m
James Everett,1pB9Fwmunj06HKzYxHmYyu
Nick Zammuto,2NPYeG0OjvRTOD6fRvCTQs
Yasuaki Shimizu,0Q14t6kRnPv4av49Rz5o6e
Bryony Marks,4WpfxnvI0esrMTyPevUppy
Michael Emet,1qipbZABNH2dD5D43IJkiE
Roc Chen,5XFVantXu2sd3CQ5xY1WW4
Garth Stevenson,0SFz7AVtevccdhXj6aeVka
Peter Nashel,0iqJjncCjfGcGFKxMdLvhn
Will Musser,3dO2hniUFrQXRquoHOjYaM
Nitin Sawhney,5NCKpzuowtihcIrIHFjKbJ
Pascal Gaigne,7mgRL2bdlP1tj9F9JcK6Hf
Craig Armstrong,526q7RxT5KA1VGeQ5GMSHO
Mathias Duplessy,43aKbycIA40vHixe0yBZJx
Dan Jones,1GjDzWTLT3ED9H801T87UE
Anirudh Ravichander,4zCH9qm4R2DADamUHMCa6O
John Avarese,61arGI5m8J4MacRiwHPMZW
Jeff Cardoni,6z9vVCxeBfXZfS5FEzUnu0
Andre Dziezuk,13kVSHRCwEbZtqdwxU7RX5
Blake Neely,4UOzqO0jZUrTiTunfBw4tp
Phil Mossman,68kBh6ko3jG2ZMkfZB2tIe
Ralph Burns,3kt1xo56PyGb13t2OCf08h
Marcus Miller,6fmq5mv6HnduZdlTOEYBC9
10K Islands,21LoADaEkprVuED9XbWCu1
Charlie Clouser,1ZVa9Tz7T3lR30I6r7mhhf
Steven Price,3sw7CBftCnflJN8HQiUNmK
Hildur Gudnadottir,2lD1D6eEh7xQdBtnl2Ik7Y
Alex Heffes,35eFG2HfFuoxcJYZwt80ZA
Spencer David Hutchings,7BgUKdPIkSS3bCXmmXi2ns
Pinar Toprak,7z1L55q63jRGHqqS3xcGgl
Harumi Fuki,2peCJdJOa3AiPhdu0mn2nk
Jake Monaco,0iJIcOGAPd2UFYRoJhx5FP
Tim Atack,7oQ4Ari720nmqMf9RWfbVU
Agatha Kaspar,4QRrj5Siqb05uMaPHSiXS4
Elliot Leung,6PDasjw4nYssO1LVlj8ZfI
John Kusiak,3uC2PcztODiIqSmu5R7f5j
Benjamin Gibbard,4CvZd3qzC2HbLxAoAEBRIL
Richard Tognetti,0kdjTXFwhF9w9Cuscbgccu
Ian Arber,5RvFRZpYvnzsKpOZM9mkKj
Dascha Dauenhauer,0l0m1QYpxvHfB1xfg7SG5x
Timo Chen,1CyVjm5Obks8S8NZOIw4so
Charles Scott IV,7cdj0yYgS780lCo4Gbg7lY
Antony Partos,0wl0uVK2vFevORWk3Ag01j
Abhishek Ray,7M6dsXOiEoWPmIp7JYyPg9
Michel Legrand,1EtE0iSY6iFlN9L9c53ETy
Shahead Mostafafar,2Bz51kVmwQA3JDlMDhmJF8
Giles Lamb,4C8f4HNofNhZdt6DZT7Mlb
Justin Caine Burnett,6gHYtzSvIIWvoUY2q2V3Rj
Lesley Barber,3pAf5z8D1nb5Jz297lyY1o
Aska Matsumiya,4Xe7FFX2aXXi3Q5lnfzhUU
Craig Wedren,4GPehFTPUP3j8J8ULlpqWh
Alex Wurman,4zzIJO16ddwVjGHpafzokr
Michael Wandmacher,1r4zOYNVTIj9iW7Cp0qzSr
Ryan Miller,7vzjsRPzEhuj0RtYS3M2jG
Brian Tyler,109FvbnDVNag1UcJDVpFlr
Jeff Russo,5L9DgM2FSb2Ny1vfxfyYU8
Eric V. Hachikian,41ttkFONlj15Hv8PAxDkUP
Serge Besset,7r6hIa4cwxNbzOWxEkHti4
Sebastian Robertson,4UZtbKvU38q0kujsIRtrLE
Vishal Dadlani,6CXEwIaXYfVJ84biCxqc9k
Nick Urata,30vfc0claO8w5x97q35WiM
Elvis Perkins,70eE3MS4oHZvZVLLY2fU8B
Nima Fakhrara,0xgLzYXTSX00BF1UpyXQpi
Paul Cantelon,1kyGiBwd8U55fAakEoMLS0
Ran Bagno,6zL0Z2V4HQxGHdHOZfGrxO
Michael Penn,1rfk3cLafuKhShpgY1xzFq
H. Scott Salinas,2t2HunwIt8nL4PGmpsge3s
Ivan Sen,1rCPuvdMkL2gZ6FzSSJle5
Josiah Steinbrick,2t1feKJJZgzieczJ0oDmiP
Vichaya Vatanasapt,1CXCiKwE6YBdNn9039CZKh
Fernando Velazquez,2pElTJJ5D3ziEPyvZsW5eF
Alan Menken,5sy77gt4bfsLcSQ8GIe4ZZ
Marcelo Zarvos,0qDZ7wym9Vg843lDKkzmoR
Chan Kwong Wing,3iOa5DGygoEg7ib17iZZ4W
Steven Argila,4gxapKi1zmo2YizMln1Wf8
Patrick Kirst,72uCHz5GIyj4tWzO9p8gVJ
Rob,3HVdAiMNjYrQIKlOGxoGh5
Olivier Alary,7tg7utIvViIXxA4zi0vl2t
Salaam Remi,0rlS0SzVFk8BoiAW0fGBbN
Philip Marshall,7xY3yMdtdINgG8ptDa0NGk
Neal Acree,5mocQZIZJJsA389LmLpCkk
Kennard Ramsey,3YOSQ55F1uGHgy0AC2X8cR
Woody Pak,2miKv3j1dKf5g13dizDjRv
Adam Gorgoni,0YKbFGHF6BXfZBYVKTteES
Adam Dorn,7JKEyC32tsRHZ8r9WsGCNQ
Simone Giuliani,4zn2CWjr52nal6Fp2Koxjv
Ashutosh Phatak,2oaX6xFkrTYxtMUi37YgRl
Lachlan Anderson,1zLXgE1vmM9kQO2nNoIHxt
Heather McIntosh,1V4Qovp9LHZO9C3RWckasZ
John Dragonetti,2QTjftZMiIxzvBBv97JEnn
Michael Abels,7lDkWxhwIuRAIzmHf85yKx
Keegan Jessamy,4sMsBVToDyGOzZtncVnPdu
Keith Emerson,5MwQBuYuEnf6hLsupDJ0Um
Stanley Clarke,1lGt9WgdYGpMnmwGkcCm05
tomandandy,0iqOcDJNnh51gemYhYhTUq
Bram Inscore,0Utgbb1Imx2ujqQafJU3h9
John Paesano,3MhnTc9AODdRGMrtntEqIz
T. Griffin,0aj5eJien0JknsEFo4zRzQ
Brian Byrne,2QDLKnNDt0YLxvC0pPUgJK
Joseph Trapanese,566MlWaCa63jvMZV9YMj3V
Lucas Vidal,6MerhqnpjjeEbjZydltdlS
Theodore Shapiro,6N1Kaz3CvRa9VLll5ahk9T
Bill Lee,3UcnwnNwP6egaBs7DAgRdJ
Roger Bellon,6tHyiR2ghN9byl2xNb3UOl
Hugh Drumm,6CzPJrJSQsPy1IZkCgAPXf
Michael Hearst,6AK2QTxVAlMf7o0MdzEQJ2
Andrew Lockington,0sK0i9UQeU4aPaxgGTFTcC
Ingo Frenzel,1bR457yJADpHOckKNHdPM6
Josh Kessler,4RpG74ALTK6TQcz0kmD6ls
Enis Rotthoff,3KTkV6oqbOHUjNetCPnmm4
The Tragically Hip,0YMeriqrS3zgsX24nfY0F0
Johann Johannsson,3IpQziA6YwD53PQ5xbwgLF
Jerry Goldsmith,7t8q7ikEtcPNtoaKAm9Vu6
Zack Ryan,45ij60GoiDYs6Pj8oDpXZf
Aaron Martin,1AsoWIju9npgZobKqN159G
P.T. Walkley,5qLS7HG9jiomU9Uluuloys
Insa Rudolph,5XleXB1ldxzp2mAmhfHQMD
Ryan Leach,4BX7bOS5nj3842rKfEnTIg
David Crowley,7DhP3bGT7dzr1dCkkH5mTS
Joan Valent,69f9OAG63yWy4cYl537j9I
Laura  Rossi,3SFOOcqPI1DQHCdh4mOPlD
David Holmes,10kGEgP8MxhlfeA2tMinsL
Sean Motley,7kZrWqdHSrKq5Qg3UgtAQM
Daniel Hunt,4ZKe8fPxrBXmLNcT98hvUV
Rahman Altin,2KmM4lRkz5Y04lNFuU7CiC
Kris Bowers,2wWBoQpcybsDVpouFubTqZ
Kevin Lax,0vkpJcFIeZZEITGmRyh2US
Gil Talmi,1VMZWkdWIH4NaKAE6sg942
Segal,7hzl8LuLkEkCI0MzZTvGh7
William Ryan Fritch,4uKt0y4zMxjivxkjDsT3gl
Simon Beins,15FX8Xbg1IsBXbNafo6PuZ
Ryan Lott,0rLLyTr5rx0qYKb63MdVW9
Laurent Petitgand,7qJrlwrWZ2p2kaWVy0m7Fp
James Griffiths,3jqpJBgeAWAJWCdNDPMKl1
Henry Lai,1tID6eL1wuBbJ9etdAzCIQ
Joel J. Richard,6RmcC7utP8xCev7o122TCP
Mister Squinter,3CQWjhScoAgnmLibtGWPqM
Shailendra Barve,0sjbD7Avb0d3C74ymZA4hg
Vidyasagar,5TB837uKG65w8Jnz5D0bS5
Nathan Whitehead,1H74HYtrgoflUgbNupSbdP
Keefus Ciancia,7B9L4JpLt7dSvu07KfPFYF
Osvaldo Golijov,4MFSQmb7Y47xW7JJmJboCv
Barb Morrison,4bmIZ56Upm3rOOVWJyd6b9
Ryan Blotnick,6fG4TL45EaAhyER8E9vlFW
Shankar-Ehsaan-Loy,0L5GV6LN8SWWUWIdBbTLTZ
Emilio Kauderer,3Ie0iKmYPXlTXUzCiGOmDq
Anik Jean,6IHeGZkZLc9DQ4INpVyDpa
Surender Sodhi,6XxhDsxmZduL3xm6KPebeY
Christopher Nicholas Bangs,14phRZDOnwKis1nuT2tlO4
Zacarias M. de la Riva,4PJU5MjzxGw9qTJHALbBOS
Peter Gregson,71tFaKKy6x1inyCFHjpzUE
Germaine Franco,5NTEjLv3GEX1Vx0ITx9Pxe
Christopher Lennertz,2TQwXfupr6fAEV5AgNqIO5
Laura Karpman,13eA4oLnDowghtVUqwSZSD
Santhosh Narayanan,5FVBduYaeVBb6JIghza7v6
Eric D. Johnson,4LBdlNpHBD8dHPcVCrjSB6
Edward Shearmur,1PGSb2wgymZeNTUYqnOxyq
John Murphy,4UGoqrmNHDJ166XD6DtZni
Joshua Moshier,5u8AYnaLwHVuubjaBmHOEz
Henning Lohner,3YMbZ6OH1a9AvMaqNuNWYt
Duncan Thum,748JDmnU8vr5V7H2mVtiFl
Apparat,40Ojab0UtVQFjA76qXr8Ot
Atul Gogavale,2muHoS1rv7HcYG5hqW0Zob
Liam Finn,76x0C9paLCrLEiGSVVcC1m
Paul S. Henning,74XHTYtNOpmShkSbo8SMom
Dominic Lewis,3L0d5AOt1pZZ2HxjJ15p2U
Jessie Lasaten,1Ewn9y67HzdGOYTIIb4TDv
Mark Korven,2sb1FcIeDcKtv7UC03gRr8
Paul Leonard-Morgan,0360rTDeUjEyBXaz2Ki00a
Noia,1Hsdzj7Dlq2I7tHP7501T4
Nicholas Britell,18oYqNtcLUHrqO7LfX7qni
RZA,4iCwCMnqsNZ6atvRiADgtn
Justin Rice,3jzpw67oHOMejTOZrRFyFK
Paul Brill,3KHnnlUcd9kJjW9GUe0CxK
Susan Jacobs,6GH8lDgqqfg1KSDfFRFGzK
Alan Lazar,2KBvG7DrYyUZ9gMUeVBmf5
Amy Correia,2UMP3xpO7bWtWZLZmPgw0I
Rani Sharone,02l8jQ3eUAjP4RJWIOk70V
Tyler Bates,75fIuwXxhZ1atNzWLMrgF0
My Name is Claude,1yEXEfwzG5sapacEsoY14Z
Patrick Savage,4t1pqNpACVqR4T72hQwIbu
Sneha Khanwalkar,3JtetEsoytPoOIPGvqUvSR
Reza Safinia,47yvPzxpOzkWOWoL29gDs2
Atul Raninga,7y9VY3tkNBWA7dK8aQ9AG7
Antoni Komasa-Lazarkiewicz,5cnt9CjCcMce9LBoidfdHU
Sajid Wajid,3qdu3XhzSzkRhbwdFKnSuw
Jason Staczek,3DEGtOTUEDPSKANZ4FaNTC
Steve Albini,52ZFTGbQ9miWMX8JYBvtOO
James Jandrisch,5BuljUODjNwPgNw1F0uh55
Ajay Atul,5fvTHKKzW44A9867nPDocM
Paul Koch,2ZdG5DqS0xTLIEOsLoZXqn
Ian Honeyman,1OiWDvvICTegWgIrLZMaAl
Danyal Zafar,64vfatodaWtto6TxQL6TQG
Rene Aubry,1dyZDfHcTtUJjx0DFBcOvc
Christopher Larkin,13kMpt8IdcHcdxPLcJrgU2
Hannah Parrott,3i67vih1k6WdxtgM43o0Nc
Richard Wells,3ZHucgJFsaGZsYwRKv1hcZ
Giulio Carmassi,1iYTDGZN7XNpYBVWsPEQsj
Joby Talbot,6HEynH0LkoBhVStL2cDeF5
Edo Van Breemen,0zK9hSpXpHSsOi0KcJZsPg
Jed Palmer,1c7MHVInkrh6CDVbuQTUU4
Harold Faltermeyer,7Cf73Z3RZQTH4V69GSDxnv
Alex Greenwald,4KFZnZmUn8BgLYVNdee7UD
Frederik Wiedmann,4y9AcaqpYbyZuO8MjnVADB
Erin O'Hara,6xyugbL8bJfhyq4M8B5KPw
Manuel Riveiro,1cJryXPd6Nm8ekMX8qA6nf
Kevin Murphy,6hw4j6lrz2R9mJCf8wxmn3
Austin Wintory,3Rwlus4QnnBSnTe8pJV0rw
Jake Hull,2cPiYMkAIXiOJSOHKhBmx8
Mark Sayfritz,2LEDSTFgdblKX2x9eSwSLj
Marc Canham,2bUS939TQj9Di1OkAAolqh
Dillon Baldassero,1xRGqrs6lTs20vPX3F2N52
Max Aruj,7HXs8gSW7QhamzsxMqwU3j
BRMC,1tpXaFf2F55E7kVJON4j4G
Gisli Galdur,2Al3hf10reL5ka0oKjOIM1
Tim Kvasnosky,4IQ9jFAEfuD7Q7qJJF6kUL
Theo Green,5RkXaPxdZ8L7ERNgDZXlKh
Matthew O'Halloran,5g4kF5IKvhWpAeXtvMlWQd
Jay Weigel,3tz1EZ4NWAwzBh5UKVAvrO
Mark Schulz,0s7Ro7Q2XagXEYhWbI9PHv
Yildiray Gurgen,7IAuFq7Hl0CH3e6eDxpV8F
Kaitlyn Aurelia Smith,6P86FLVAK4sxu8OhyQJBvH
Kamasi Washington,6HQYnRM4OzToCYPpVBInuU
Kwong Wing Chan,3iOa5DGygoEg7ib17iZZ4W
Vishal Chandrashekhar,0rL4uL3xfYOt2p7NHhS8qr
Lisbeth Scott,3VPjt1LB5wePPZPRzTTZBd
Mateo Messina,5dH4mfMtp7yw2AxlEhh6EX
Vincent Cahay,5maj241LnpwEOW2Uwcv7um
Shigeru Umebayashi,2YF8oM4cDvaP7tCpe4KQvi
Paul Hepker,1CMKgsjEYqhIxtqQLpL8zY
Sean Murray,4eSQMlnSUDwVfRYhLqikyd
Dustin O'Halloran,6UEYawMcp2M4JFoXVOtZEq
Lisa Coleman,63hYYCAWq84DG0M4Uj9ccd
Yudhi Arfani,7qIAvnaqIDDcb9xZBjjauH
BC Smith,3uTYIDNiaOMMB7jAzQXKBm
Reinhold Heil,4CefZM5UsS1y5rvzq8M8S7
Tim Callobre,2bmeLJ8hOtxl34iqNkLHPC
Brian May,2NcbLU1bW55eahD0UgD7U3
Robert Allaire,0fRBfsxBna79X9FsHZD3aJ
Jeff Grace,1t9m1YUfnEk7fV6haZkaPJ
C.J. Vanston,1yhcpQJoQpKDqlnezxr9lu
Primary,4QDcs3XrA8uHUZ7Xt9Ytep
Wayne Sharpe,4SFPZ9CqZN654rjid2ud3y
VVE,1i9q4nEA729THUNCULzh7y
Penka Kouneva,1LyxLTM9WPJJq6C10QKXgP
Tom Rowlands,45F5Ue9KSHAtp7aE85zlsW
Yo La Tengo,5hAhrnb0Ch4ODwWu4tsbpi
Uno Helmersson,1kadYRHFCmrICPStobY2qm
Roque Banos,1eEkeLJTVHWDrxBDf6xuVh
Andy Ross,4Hk8ZG3liLTTRQdboaOpDi
Elik Alvarez,33x1lhHZvtpjJi8Q3OTCTh
Raphael Saadiq,6g0Wah2YFtb1rFgKhUktlo
Zeltia Montes,1Ze0RrPFEaLw6u888Mx6F5
Wei Yong Teo,2FlC4NMisIELx8DVDigjgk
Keren Ann,4v1YZL83eLyemlt32wWAoA
Aesop Rock,2fSaE6BXtQy0x7R7v9IOmZ
Amar Mohile,4EAkJcNiGJXyZ4p5iNlgHe
Crystal Grooms Mangano,1KCprKCDbJ6npBR3azOOcn
Si Begg,0vgtwYnf5S4QD0Z31Xn4q0
Chad M. Rehmann,1oRn5qmkhkVk5Uw5TyPZ1E
Jeff Morrow,6ZJuPowdBLBXkvZE8FjuTY
Sharon Van Etten,2wJ4vsxWd7df7dRU4KcoDe
Diego Stocco,7eBZSP1s1E4vefIBhFyqnO
Mason Bates,3YwY9KSxS54K7cUQwifbmS
Julius Packiam,37dW5exIcXrrHEMmiItJas
Dan Marocco,245MDYy3CCXxAzDtwRelNb
Ludwig Goransson,24eDfi2MSYo3A87hCcgpIL
Gary Go,6beTArFVpUujvkHi9FVPqs
Craig Eastman,1xrbwQVdU6kBjxRpHgAIN4
Jeff Danna,4v7z4d0nyIY3mWGz1AXoK1
Deadmau5,2CIMQHirSU0MQqyYHq0eOx
Tuomas Kantelinen,4C9XKuB2ThRlE0Dg8DTgs2
Jongnic Bontemps,6PPx17WdCEHGrgoN5fMgAW
William Arcane,6Xdsg6B6jaji6KSwqrlOzu
Lukasz Targosz,1jVCUSiiEjd8RNkjLcLkQa
Mark Kilian,3CMeh9Nh0Xu4NQTvIvXkCP
Leopold Ross,0UM4gJJKawZSZuJxYcIwJS
Wojciech Golczewski,7GTDYl4iOKyUUdQVJXlmy0
Nainita Desai,6yyzlTFjuZqptozK4Q9wHO
Joseph Murray,0y8H4d22u8xzu5zjAracM1
Gregoire Auger,1BbcYfvTjMpwO2BhkAaryl
Gabriel Yared,6quKdQHmx2x7FBJwLhmpmB
Mowg,4oUHIQIBe0LHzYfvXNW4QM
Alex Belcher,0lsKvalwJ8SAijtf12uSsm
Jay Vincent,2lB2VYGkLDUhWpNAOya09E
Ahmir Questlove Thompson,1h2OVSKRdJHnVqyCKqCLkf
Laurent Eyquem,2yqiCcRIEKjS4hIEzwjTmk
Pierre Hamon,363N5eDZLVoiHql89HsG4b
Kyle Johnston,2bFiscc5IeGGwcYdSceo0n
James Edward Barker,0s45YVf5mwqn0AxY7HcNGN
Julian Bayliss,41NNZ1hnY71HCoKTq6PWJ8
Darren Hendley,6YgOLcMGkpTwe6ljQ1B0NA
Phil Moore,1RL3gNJJzjaoHtmifWqj9W
Eryck Abecassis,6KY6Gf4Mens5oF1wqsWOTq
Christopher Franke,724YlnEzfIBXRWSmT1ur6W
Michael Melvoin,4ZRzj8YvBo7bH7B53AHAqc
Magnus Beite,7JLmJA27ASZaIdhdIjjNCr
Jay Gruska,0UqEm8h4VxD8CPum5Btrbl
Grayson Matthews,22ms7DvlCVsMvMGnAFmqSQ
Andrew Simon McAllister,4FP2492P122X20Nv51nGi7
Merlijn Snitker,37x9UFhovaGc26nKNxvFXG
Sandeep Madhavan,2d9gPCDhIFEf9FDS3Ppvrc
Antonio Escobar,1VrEMiFcSU18XOg9Q8Eqgl
Steve Bartek,2KUY8gayH3jCwhZrv1HteI
Nathan Lanier,09ic9swYMk0VCotMpltRSK
Atli Orvarsson,2fqgzLpPOMc7GMw9qcOfQT
Michael James Lee,09drMiG85EDmPDM0kTP7eX
Al Hardiman,0mRp8gE8YllNt9LMGRZpvr
Amman Abbasi,3ZF3RJDkWPFgzJqsyhhDaO
Mitch Lee,5xgoFwFry9bR08dqMSxYoJ
Guy Michelmore,02w9TPk9P9IcWQVTme2CRQ
Mark McKenzie,70xQTEIsm6UEPCB5kiDpK9
Haim Mazar,5n62E3JlbN1cWOpigyLLb6
Siddhartha Khosla,7o8qzsL7eTuGP4piR7XQiY
Aaron Drake,4LIdbWCfFNHGiLeMBglcGi
Peter Scartabello,4TO9ayg3xZLoDTwazl5nPk
Greg Bernall,1ALXWi3qhDQkl3cFv9ItK6
Jamie Christopherson,7n6lG8A060pz97EcLRLC4r
Sarah Neufeld,17YxHBveizVRDwCUBVn1X0
Ruth Barrett,48ZoDch2iKE7FZEYY67DPB
Mithoon,09UmIX92EUH9hAK4bxvHx6
Dan Krysa,3OqNVu1QehgFtipVsTrIAy
Eric Neveux,0YCcxz5y8OTvdEDuJ04BKj
Lee Holdridge,5fYFaGbNGtEW9Ip1oCMHyH
Mike Kourtzer,5ZbfkAFrqFv0KbAoSY05l2
Jonathan Sadoff,3NCw12ST2qhYBrC4NosR2X
Jacob Groth,557iokcmDbwvrUmCNKoIgi
Inder Bawra,6ujnaDCnLU9rvUoBSA7wCl
Hitesh Sonik,0zwHfTkK4AN7f5jkojoNtq
John Frizzell,2U4Lfs1c3FxmwBjUdvCzF3
Shaun Drew,6V1fhfWBuIoaoWAmsztxed
Ankur Tewari,1ciT67XXpG2HOVsLQjKdv6
Joseph Stephens,7hEZShGvSBCHoIp4aTz5YT
Ian Hultquist,2KcLrCao2zAX5Ez6gZzgW9
Ryan Franks,2foIvQZYRqhD7ra5iIK8sE
Mike Figgis,0HdMYidcfZY3XvpxHpTz9F
Byron Estep,0sHzh2SKarR3tl236gfYPb
Robert Rodriguez,49VlDIG7Dw8raSByeCKXF6
Elia Cmiral,65acwADcSb42q8wBkIGxNv
Kevin Lau,0MVtdQmPsEozKSPjeLUyn1
Sanjoy Chowdhury,2sAQoVNX4ZZOgP5llumGPB
Sachin-Jigar,1mBydYMVBECdDmMfE2sEUO
Dan Wilcox,045EiHd7X7cCjlamF0LV2M
James T. Sale,6FMNDTFV8TTUbDrdP19p6o
George Kallis,7Bt9Peyf9LLzLbjPz4l3WA
Todd Bryanton,3SLUwniGKNTQe5LGDXHPVB
Jim Dooley,3S81gYtdZdfBIxHHZYELGq
Kays Al-Atrakchi,2BFKzIJlVugUS0OK9ZVWRZ
Bobby Tahouri,4AHCUmvK4wUtCRjmvficFK
Chris Horvath,7Hs9nKJcMiq5rtrrJo4uJw
Gabriele Roberto,0v7nsvq9tKdPZH53dGNYed
Richard Patrick,0vWrIs2jBCcuQMEW3SvnSH
Neil Davidge,0mJoamO2s8QKkuKhTpJpPe
Murray Gold,3vmtDGkzacafVdenyPHPMb
Anthony Espina,4Bqeeiv5m6w2FxW8A4jUsB
Avia,3xNCp8cktZ1IGwRregR2yO
Sonya Belousova,0JnNzCUsHuDcUcBatOzuGP
Jerome Rebotier,5LDz41tmX7odOCzOzwuqGd
Gordon Bash,6e5rjZlu9MXJj8UKF5D8LT
Mark Batson,68gaOq9qzXbMonnrKnN4tl
Daniel Heath,1wOlPrwSTgH4DB4KqWqDAK
Jimmy Haun,307URZG4lV6wvjKYmj86w2
Mac Quayle,3HLApxqtvULlffnRnW88O8
Tom Caffey,07cUAzzHJfnSftcFnaLmsw
Lisa Holmqvist,7LtJShD6vIzSiLYv9sScGn
Kyle McCuiston,2269YF8q4OM4qJVHWrk8hB
Sandeep Shirodkar,3Ma3jCLuyYvZCELx5WQHCd
Tobias Enhus,76WktGoOYS0oEfec9Cm81h
Stephanie Copeland,1j0C9RUbhwNihCpZwTju0r
Brando Triantafillou,5ggd8pGPaqSxU2mtY7b2hB
Marc Solomon,6ryDQXEOhCzXjUn3O8z0Pj
Yuvan Shankar Raja,6AiX12wXdXFoGJ2vk8zBjy
Kevin Gullage,1CLwuG8wFND5npcRm4TgFV
Adam Robl,4rJ0NRIvhTVEpLeKKoQcQT
Matt Gates,0gxnXV9CfhBi5rezm7AhOx
Greg Laporta,2TYOeEml85I90GSqDttJzq
Amaal Mallik,76fuWYgIf3TVIopTs3vaJ6
Anand Raj  Anand,5ixQ5hSywFLUaxoaA0uVaH
Joe Hisaishi,7nzSoJISlVJsn7O0yTeMOB
Angelo Milli,23H7Z3mCLc90tTXbleeTi8
Sarah Warne,2crcEJU1EenYxKGfPTEHV2
Robert Miller,4ZM36jHLWZdFHoRAThGRD8
Chris Bacon,5WWp4g4TgYMfz8XcO3RTHO
Richard Gibbs,691HlxNGAkhqNVLE4yfloT
Deepak Dev,5xLhn0Pjced0oiBuLUISr3
John Harle,3bpQCGNUxQMHQY8LYEA6zt
Chris Hajian,5ct5vHFkmCsTFQ885y88VV
David James Nielsen,78MhYwVPPXphPIB8vU6ziU
Michael Vuscan,0fNl2xsUSDytKGMDqkIOZn
The Acid,0bRtSoJSpQdnbB3dWrWprR
Meghan Davies,09kCHZp9iFO2FJNb9lR6G5
Jigar,48RCl7AbbfhC60EN8a80Op
Brett Detar,0pRBqfB42iVqXKIFJdfFKS
Michael Kamm,68bqsIINo5RFICYwbkChbb
Robert Folk,1Vrk1pcAcUAjronqLvvT93
Simon Fisher-Turner,3rmHfhqEmC3pO89AMSP7Wt
Salim-Sulaiman,6ohaQzKaXrobAL8paLSaxq
Da Silva,0lQPyV27qv4l2vBbFJsImj
Fahir Atakoglu,6Mj20Zm7PRpGzoNN453mSq
James Lavino,0pFbNXoVtLazqcMpM3hHKX
Andrew T. Mackay,4VLHTD6HlOEg6bHMvh3iAF
Jeff Rona,7EVrVA4VnT3DGeyIZjWLRZ
Amory Leader,7000EmRO9nR8WUhl7nWw5l
Jean-Pierre Taieb,1fAVjgH9r3PyACl4DMEXcS
Andre Allen Anjos,27hpHY7Q2M9Ig7bWaQJfC5
Matthew Rogers,2wXllMjocljXDkJxlEEJ44
Rhian Sheehan,0H1edn1doFZiHiu2INB2CT
Sacha Chaban,1Xi5DuyaF3g1fQvx80fhBZ
Stephen Warbeck,63Cqun2Sv18L3vXIapd9iW
Liam Hayes,0rxQ2w3Wc4OJ7aP72zyKjT
Quentin Sirjacq,3dnf5MC1UPGuedb4cAA1sn
Kathryn Bostic,3HhAT8exMwAyeAB8rdOkw2
Elvin Ross,3mhKQ9kw16BfQYq3wTKCJr
Dale Cornelius,43Wv1kfTkqiNwYYa4kDR87
Joel Assaizky,1OMGgqUg89WUku9wDz5RfC
Patrick Doyle,1W42coQfIlt6btgqpfJWYQ
Maurice Jarre,6iyQYs37mRXLW04Z9NOnNT
John Ottman,6uhyakkTnWoxbEKn9pIc6V
Kevin Riepl,3KI5WbVoQx4UmqKi4dNqtM
John Piscitello,43t7v9t6SvLoKovl2YAZgD
Tom Batoy,15Wk5fERAacLzJaxlVAgEr
Mario Sevigny,6XZgKI0GiioFzHxtypS13C
Jeff Francis,283nM4qq83QsqRLbSz3iAl
Gabriel Chwojnik,328SoVTD0frnuER6ail17l
Tim Jones,3LreXwqZSF15HoHfSz2Ees
Steve Porcaro,6uJ8A4c1Z4FbHUTdhHm5dn
Olivia Merilahti,6i2umdD3q6XxXmqR8fRJuR
Edmund Butt,6DCKGvtQ427APrjhHqYc4H
Joi Barua,1UdYhDdrXVNJMAKghjdU6v
Joseph Shirley,6QeQA8W6WZNwHfDU1mOA2e
Terry Adams,0Uh8RJyiZbRj6n2gpANXfj
Brandon Moore,7rebeugOVT6sYFXc4buaYR
Sajjan Madhav,6xIY8HSjiVM5yu6Cs52Y4j
DJ Spooky,1O8yrjjifkCO8txB4CxuOm
Holly Amber Church,6ROBrOVYjW6rShl0bPx3RO
Peter Salett,4ob0zvhtjnDSOVvz1jCsbi
Tyler Smith,4bj3xjGCZGOxJBc8Sqph6i
Jonathan Goldsmith,4ubWDpqJBObfR3sWvFmYF9
Indian Ocean,0Xbdgzdm7k9BJ5gUgmAkpy
Brandon Jung,2TH6yL0JIYo8io0mDNJKYN
Michele Braga,6uJJAte3JwYBdmVdV1gKcq
M.G. Espar,1fNRSrQotOWYixLLMEh0l8
Jessica de Rooij,7gpGDiG5hqClXbeHCGcBzs
Joe Renzetti,4jALixMl72UaFX4mFrbVqj
Ryan Shore,2FRBBR1hNQJsqAevgSDvRM
Greenhaus,1A2zTDBNQAtGRaHX9lISZ5
Logan Austin,4lB20QVoMtfnqYoWSaWfCH
Andre Matthias,0SDSEUDEZ6MagkPt2azOuh
Om'Mas Keith,4PIunhRuJvEMVDuk3pK2Rm
Bokani Dyer,1BEfHN0wvVGDXaQCWDqIyy
David Boulter,5VUBJKfJCbFqezm6lHrLHp
Hugo de Chaire,0AB3vDEUKLma3xPWOCKu8g
Ben Folds,55tif8708yyDQlSjh3Trdu
Greg Harwood,51nVUeUEfstCRD6OmtY9U4
The Outfit,6sELnXqxdOsfYVcgHi9l5r
Diego Fontecilla,1RwUR4JCkkBI0yzALRWciN
James Everingham,2gn4jnqcC9yMXt6433gleQ
Anthony Chue,4iKx4kQ4UiGihb2WNreGDA
Frank Fitzpatrick,6xnvYc9KEUaCsJQhX5oiJz
Ricardo Boya,1SLucdTh1zNQ8vBZxhdj0L
Sune Kolster,2YIT8zMTlLGPYwZkLONdI9
Tom Jemmott,7lgVR2lERV72hOG6gmsw8U
Wendell Hanes,0X5fkD3En88hbPweKj4diK
Tom E. Morrison,2NsXbTUYAu06wbTqjwEWXp
Adnan Sami,0kJO65h553i1iGsZutBuqz
Toby Chu,5G9oY1wwtMaExECxOwYFo1
Krishna Purohit,3AUGTNY0OZrSgyEra7xaVS
Cyril Morin,4LLsKYXF8OM5G59Kj2qUWe
Emile Haynie,3HlAg5EbFYOdlVPooU9f0K
Robert Mackenzie,6IwonldCgePFKRwdXREcoa
Will Bates,15EWKxh9CT6XDgMsbtSPqN
Raney Shockne,1pWehbtV6KJ3G77M3G3Hed
Michele Josia,4h4o7Z7wOxbrGMgBiRFQ4K
Gulraj Singh,7apTJ2UKJkBZNKwCiPkfLJ
John Swihart,19IPWy6rhQd19MItC6Zhb9
Savant,5RBdF1pJSLF3ugc2Y2PoB8
Sebastian Kauderer,18tRinDA2SAp0t3qmrh4Ce
Jimmy Barnatan,6MKVdD3O0ntRA1kerdMDwL
Charis Henry,4caxlE2wynXoHuUtVvYh3g
Nathan Halpern,78cd6OCsTH4fDLR4AhcOZ5
Alexander Bornstein,2zSo0Warff3idk6LOFrPuD
Mader,58r1rB5t3VF5X6yXGPequV
Ben Fowler,4NTJ473LjyZzbGXE7JJO2K
Mitch Dorge,6b9cP5xLi2wlECfwT38Gx3
Wajid Ali,17yDRc29s5xIpZ9OxyGsff
Richard Band,0TXK10MEUmsJGH4lMosMiT
Moniker,6mLzqvtfYZ0tq6JKj4VTEW
Dave Grusin,0SPkat5bgfP5wo2kbqZIwu
John Morris,0xv5yAJHwklZx723AFfuQC
David Julyan,1zkJxFjrO1fE8teyro4C3I
Jerry Fielding,6gtQ1qOHTbRCIPPlxf4J99
Dan the Automator,4fv5w0LJib9OMbXQegqZ01
Kristin Ohrn Dyrud,5ZYCnCCxNWcvtsWPMGPC3z
Carl Coleman,4EES4U6kaJgZyrbnF21VCg
Vik Sharma,3AdA06tExP7Ouh2c4sgkPG
Dario Marianelli,0s1ec6aPpRZ4DCj15w1EFg
Koji Endo,3aQZlJYm9tAvsw5VwZkmyM
Wan Pin Chu,2ZrQX15HGTUhtD75WFkmIy
Paul Saunderson,6LvqXE4N4n5il7gLQLuu9g
Foltin,0rXnfWL0gCATJTjiQlH3M7
Lalo Schifrin,39iHRO9MH9To3gjW7wqaW1
Volker Bertelmann,1nO0SRSfsukVmUASnuravA
Kaoru Wada,4zbQfESCpBlXi1XlpnlG95
Nascuy Linares,4w9gwWNmNC8aIAkNVsAACk
Vitor Araujo,0Y94YmDI103Kk0Ff4fi4oa
The Coup,4IvS1ZZ5nyiNMheybfx3Hf
Burkhard Dallwitz,0P4GFxua61mu5nAOtqyE5X
Tangerine Dream,1BGN1IdyiSR0ZYrkoKNchl
Jeremy Zuckerman,1fbkVAnlEb34awQtWEDa6W
Ola Flottum,2zfBMvJaR5RAQhjFkbBqZo
Mica Levi,29LOCR81IrdEJjCAeCEOU3
Arnaud Rebotini,4qnTdOhzCAvoRf8PObGr1h
Craig Pruess,4ntmrafQBL0Ar8VtOOu5sx
Elmer Bernstein,7sXdMnZeR5MsLKToZKpR2c
Hybrid,05lF0DUkLJqiW5o70SScyR
Jackson Greenberg,4Mqr7ZLQ6xzHLvAQ1YnwCQ
Martin Phipps,5ukRxzaJiJLe6khkJeIHOn
Miriam Cutler,2XsuhVDJpc5DXDcF75LtPH
Jack C. Arnold,2Cv50sJPEe9Nrjq1sBYsIo
Brent McCorkle,2693kF9FoDnk1tvvw8RX8A
David Thor Jonsson,3mwNo0V6MTlONHI9hCFt4W
Douglas Pipes,0ueus0zrV3n5lRvj4zvbLZ
Robin Foster,5gy6nEdic2H0Lun3duVGGb
Guy Farley,7zPWhKdOZpsBTGSSee5DsM
Patrik Andren,6RgbIwWiBcHtDEk77uNjrA
Zachary Dawes,1CZejX1UWfKLW0BncrZDc5
Victor Young,3HqN7Sq7rmpOEI9UV5ERuz
Jonathan Kirkscey,2jgB5Sc7vp6luBH45P6CqF
Daniel L.K. Caldwell,4rzUHRAJBrgDkFlr6I0LOd
Doran Danoff,09cdi9a92XmB3dJJU57Zap
Laurent Perez del Mar,0LLuMNGk0hEVjPuEBNaNO1
Ja Wan Koo,5VTmhWVDbbDwS8LfngP6qG
Joshua Homme,03xb2BUdIFzuRQ6o88yfCB
RedOne,6O9WquDfQTxGRZqZUXVEQx
Gabe Noel,6eUuHlpgi01I8qjGRFenvB
Jun-seok Bang,58v6xhLmTYUipCA4c2RFLd
David Harrington,4yANfZHLfTn56gWiQyDD5m
George Hatzinassios,1uP1xoaeBMWi3sNF1VvFpb
Chris Swanson,7thfNbrKhZmOPvuzlYhor7
Erik Friedlander,4fnXO89NQseAxkF5QtoDU0
Danny Mulhern,4tc9PdoWcfLTI5ZcNIhWuU
Jeanine Tesori,3bW9aRkzZhlE53ca3djW8Z
Chris Martins,0LQoZQIV0mIs0y0XQb0Sw2
Sigur Ros,6UUrUCIZtQeOf8tC0WuzRy
Liz Lawson,5v4XGACPGcMZs2ANXBzVmC
Herbie Hancock,2ZvrvbQNrHKwjT7qfGFFUW
Roddy Hart,3y70fSAp4MjenD9zMPgzYb
Brian Carmody,4SBooq8p6GvBe5Awl4TpQF
Ha-Yang Kim,0DrHB459tSKoKiAtZ70NvB
Graham Reynolds,6tMpMPtrimgQsbchahB2et
The Gifted,3LG2eKbR5tIiLwpC07RlwZ
Lasse Enersen,0npb3cIbIrl8N6WEafHFrI
Danielle Furst,7EYkBxvOqU9a5osI4znAU5
Marcus Eaton,3u1D62yGuAWUBMXqPlxPop
John Adair,6riMz6Ryv2Gd8tHyFgmnxK
Frank Hall,54bNSpuz3pBCPh1XjesGjR
Brett Boyett,298IX5a329BSLlqiPPHFPT
Franz Waxman,3GMsAIP1uVCx0yNz2kmXFw
Nicholas Singer,1zI6w1L4YdQ6MzolCjSCgE
Dan Mangan,5ByjU6oarxRC2Y85JpKx1n
Jacques Brautbar,2coa7wEjtLiuVlG3OkYbwp
Kenneth Edmonds,7fuU2I1rhrFk6GBkwasDkw
Lee Malia,2IDutnWTiIH4gW7D07GJ2P
Lex de Azevedo,4rzUPpWPLaathWNCTjKHux
Christian Henson,43phWnHAoYFbL2Uv8hw6kU
Hong-jip Kim,3yBwwkyh25KLr8mR6YNyyA
Leo Birenberg,1jesNA0xWqXtanMVTB1EMp
William Kingswood,6zb8Wzek7kd9EuUEeDaiH4
Evan Goldman,1smysteQLsQ09gzPEshLkn
Joe Kraemer,1cqB0cMBR5OooKEEhRbWpl
Matt Novack,5GuPmZop1cWJ0iB9r5RsE7
Ceiri Torjussen,0FYS1JQi3joUCeKC1VWhQL
Trevor Jones,5928hF4c1MriHfAgpFf8ya
Laura Veirs,0jkK3K1ATFFHofEWjd2i00
Christopher North,0jbuhpvcqWlRvBLXYGXHFT
Jack Nitzsche,2GVyv9OLNp6cmxfUDbGrXM
Mr. Bill,5JJclMMPi2YgEKjJY9AjbB
Paul Dalio,3FiwKO5drkYIwRbC7SAqVc
Sofia Hultquist,50sXbqSfcOK8UpZVtcdsAw
Andrew Bird,4uSftVc3FPWe6RJuMZNEe9
Kreng,1D8wAaE3QG9CJQJvAKMJhZ
Jon Natchez,0voafPzRXAA1IuiATsLdb2
Scott Doherty,1ix7ZXtOFjQh8j0rzAfHns
Alfonso de Vilallonga,4sPHwhvmsQQMipDY83INRX
Gatto Ciliegia Contro Il Grande Freddo,3e3PnQZpWGJhIbcQWOkIjh
Devendra Banhart,1YZEoYFXx4AxVv13OiOPvZ
Michael J. McEvoy,1WPwX6YKoH7IFlEYjwlqK0
Philippe Sarde,4bYBV1q22KJiyT0z1pxFLK
Jane Antonia Cornish,7krLA5PivFoG56wnlFHJRy
Stephen Barton,4Do9oNUGTHFkYbrTvOBfCk
Nico Muhly,2vObsQCPsbVfkqHlQOu2zc
Cris Velasco,13bb43GIQWR0f6rYeQcrUV
Dustin Painter,3sxrV5IdaYpTnOuJ6Nn2lL
Zack Wright,5QU5pbM76NjuInDOPZ0DSu
Michl Britsch,0mLEHTlJVNZsz3lrHkgLHQ
Mark Snow,0JG0Qap3zA5NciJOzIalt3
Brian Cachia,2O9saJFzmGuI6EWuuC0R39
Harry Manfredini,7JDEsW5jacLggSSdqqWpdu
Alexandra Harwood,07j8QcaVjkRNLHrQ2zPPDN
Anne Chmelewsky,3pGdXOQpuV54kI3K1cBkHq
Kyle Newmaster,4J0FjELdZQyf8KG8XsWivl
Palmbomen II,1cXW9KdODLlrINaTCGyAQy
Merche Blasco,29ZNus1TDJGwvccfXD6GWO
E.C. Woodley,6DnGK45HU6bnIDIAJ2PSaM
Vincent Diamante,33FyliUEEegVPPrsOaLsn4
Christopher Morrison,1UNQfSjE7EJMZMIMbzfh3S
Nicola Piovani,11XlNd1KqePugYImzM1ZKJ
Mike Einziger,3iB49J7brrVoUkKQlfFHkt
Roger Suen,4shzDS5974hSoQ0esbdRex
Shelby Gaines,78PSwD6g8lqDwaxhQhlKrp
John Turner,3nZu0m1YgnDqORE80JQZ7I
Stuart A. Staples,70gvc4NvTwgBpEB1goYy8z
Paul Mills,6wVXZwMS8DW9xnWHmv3jDh
Geoff Zanelli,0X5jj08FYkWPtmzUhhjOJd
Madelyn Deutch,2JaqoldDJZKalDfZXSoEKQ
Tsuneo Imahori,5pfYZjQ34Czl0aQcWxQSmp
Yusuke Hayashi,7qWwF43ifupyWLedlNhunm
Michael Wolff,6Gb6BBhFhbrvx1OrhuQgmt
Chris Westlake,0PFGcgMLSV7u8H9J9jQvyD
Ilan Isakov,5c8ya6QFRRaPaq8eyQSd9k
The Octopus Project,7EFRvnUHNLWOYVPg8AuI7o
Martin Pedersen,0A9ePRXl8h3OR5mNskKwsT
Paul Gross,1kgvnsDGGSweBfMrZtXjbg
Anssi Tikanmaki,3nixwKwZNY9nF6TBNVvszx
Shooting Guns,2N4OHjjsiimpnWZNCiT3Oc
Stephen McKeon,6Iw4MTYUqgFFd73RhUnCGi
Joseph J. Lilley,5FhABcpyjO4fSdUX3mviLr
Roger Goula,582fGXk0UFFLexo6wQ8jAy
ESKMO,4gDnyPfguK0da9K2QR7WfW
Martyn Berg,4l29X6RlboRO7cFGVkdgRL
Mario Grigorov,6RYECm5KXVPhxire7fburv
Ed Bogas,15xXl3GfKPoQw2vS4i85Y8
Michael Shuman,3U2RT77cOmgkQIpC5CVrxE
Tim Williams,7IGNLUvVfJjZ6LHXvlRZge
Jean-Paul Wall,18NqfUShN0hHjWfciFl96I
Samuel Nobles,0arc1pucpln7IZPQ4UM0gF
Anthony Pateras,0EQh83JldkbrN2Ll5SDou9
Owen Pallett,77Rj6PHmQJFb8nbSH62y68
Mondo Boys,45qZIQfcWZHEdiydxWDjpH
Anthony Roman,6UKrmiVZmqqHY0P3hqyif8
Adam Taylor,2eog4K1pzXDmE54lHAc6DL
David Shire,5M0BsKplclHv3l6QjOpotN
Mark Binder,6uw78WlWx2jOiK3NikDdf9
Pawel Mykietyn,56Tf7qEAJUNvUpNarnBlBE
Fall On Your Sword,4Hb807JbzsN3QgRBCoqke4
Yu Kobayashi,259hmekQdBPiGLw6wkjzQ5
Jay Wadley,2PeCz2k4MORlxOMjTXFp6o
Michael Boyd,3aWHlp8iRypOLO1GvrggpE
Charles Strouse,1HO6dUh3pea34OKnmsmjQx
Paul Collier,0TjSa7vfpDCerjDdtv32UY
Jack Grillo,2VICp0EhumhnBYixVzF4f8
Holy Ghost,2Vhc7Y0Kc6HzMC6glKM4h6
Nathan Furst,7dKRTVsOIe2JMawYytspB0
Michael Suby,14DCy8OXwq8SfwQRsaMDmi
Raf Keunen,0rn5EnykMK26bBfWSyQloY
Ben Winwood,7jKsRfesywTeh8Ipgi9QdA
Eric Colvin,5IkKBYvBQC9aNgcn7pmaJF
B. Dolan,5y78BoNH3MfpUYSEzIpmJA
Brendan Canty,6qiL4qQhDp8IvFI7BNLW85
Goran Kajfes,0HfOvXPsKgF3wkhZthqOPr
Nick Zinner,2skDtpQeOI6zjRWIT3iFkO
Fabrizio Mancinelli,0EvQan1jy6OCJeQZYcTShK
Lele Marchitelli,0MvoNBAiElODOHUDGsqB4I
Too Many Zooz,72rZmJbRFSY6IFJAysfOdr
Christian Davis,2MWxnc0Id6PJjr3i3c62rE
Explosions in the Sky,1uQWmt1OhuHGRKmZ2ZcL6p
A.J. Hochhalter,0qjkaM27ovHXD6hb9NV0b3
Daniele Amfitheatrof,6f4cN9yI3tIsV4MKzLEb0h
Lyle Lovett,0zlJDQgqnr9AocrH9gs1Es
Michel Portal,3zz4BITBs6xvnzw2vtQi2D
Antonio Gambale,40ngnntp70UJFMvM4rPOAf
Mark Henry Phillips,1ptg1LMzS81Nvg91oOKmph
Frank Riggio,3AzZtNq51KEkhjO2mZLpo6
Johnny Strong,4FeP8yuBjoDKfpo8TWCMBA
Li Ye,61IXoYqyVsBevcwIFEmYAR
Harry Escott,1kB9272dj9VkUElky5CLXP
Charles Bernstein,1r5HqYbJ06Q75oCXSEdoJU
Fons Merkies,2xgW1ZGwwleLWhcMSSzFzp
James Curd,2PwiPk4hJp1MX6zH2YJmIL
Heather Christian,78O8fX6Y0BZhQQHWNhHqUc
Meghan Currier,3AmqkUTmtmVWfnolBYWKOc
Ramin Kousha,6YroA8eJtVsQqqVy9H1792
Deke Dickerson,6Uhcb4YBtQmZJKL3jBpPX4
Steve Yeaman,3kHXN7PMCgZ0uuVdvYC7MX
Erez Koskas,4JTFTT4Ii4tnvEcuNHJOuT
Rob Ellmore,3xbw7vIUNCdFiJxdfti86N
Gregoire Hetzel,2FnSM9UYXVi8QrfvxrQHPS
Jonathan Snipes,5v69lcKunkvGk1SimYwL0M
Patrick O'Hearn,6T7JFvP8qvpOia4q43OmbJ
Frans Bak,4KyULSYP9ZU6WBnUfvudjG
John Kaefer,5NjAPaCzephnbJWGyvLFK4
Kim Hongjip,3yBwwkyh25KLr8mR6YNyyA
David Kates,7bcQEDf9oF25hVR4ZgEhzo
David Shephard,2itiLvuHJjnRT9SiU8dBwi
Ferry Corsten,2ohlvFf9PBsDELdRstPtlP
Ryan Eggold,1EwXOfno1Qs4Epfste8b38
Mike Cooley,2EWc9JObJEzv9ob1hRXU6M
Nick Nolan,2kpvdonTYo4M3m7Nhbim4y
Jamie Saft,7wm1h5i4ackDo9yhGUGuqv
Rebecca Kneubuhl,2cIR4K5TLHCkQHqnk1LOOb
Joshua Mosley,6PcPfPf2YHSi3nJjXYzQT4
Kenneth Lampl,6VxOXuKH0Ft3k5CRb9qcG1
Tom Hambleton,7LqOG20KTJQ2IOA5Wpnx8k
Charles Klarsfeld,7IBk1EXqYanGYVIyEdu3SB
ToyDrum,2Ge3GDP9066h1TxaU5LuCF
Benjamin Stanton,3EUne1JFEE7z4bAmejT2A8
Dumas,7HK83pzwHsZqiGchCqtMuD
Ulas Pakkan,07RicpB9e5VxTg8UyuBEvX
Paul Sawtell,5DnusKRGjUjgTGjTWfyDWn
Michael Lee Bishop,59WsWyex7NmI81kKEW5hyf
Todor Kobakov,1IhB85dimtAdeMr8TNG1mQ
Aleah Morrison,1GGheXlUs13FBh7bCPZ7Oc
Joe Hastings,7zpZgHdMwgnP8jAHk41DPr
Ryan Beatty,60NNvDqsif0u40CXMV6jDQ
Julian Scherle,1soP2sgWdb9u3Hn2uUyg1l
Andrew Morgan Smith,5NgwrxhpabAK5iwqPi2OlD
J Bateman,0MSPoX1OhVlHE6FFHk4x0u
Adam Sanborne,4vjSWmJkRgjY5146aou9MA
Dan Fontana,1kHUaFTAX3cs3kH4cXvqpm
Jason Gleed,5wC2hph0C996LjI6JXHcCE
Eliot Krimsky,5GSu3GgVz2LxS8cWq9duew
Bryce Jacobs,0rikUkwix2mJdjXKM3QMu1
Giona Ostinelli,2GGcFMw7PABKRpAS0lpYX6
Win Butler,0U6vKLFxTuknSOGYcekAEN
West Dylan Thordson,2utkjOtajZpoKJU9PkrdcO
Tim Blast,5uNV1GZEkLiIenMMAqmyBz
Ben Worley,3JevETWre9YqKJaNULFYC2
James Righton,5jpyAwEsD5SwG8bno6eCS8
All Time Low,46gyXjRIvN1NL1eCB8GBxo
Wendy Ho,2kIHFTf0Q2B90cOx2BQjzj
Peter De Leon,7duEsLJLwNOhnjERKJuOK5
Daniel Hidalgo,38G6mJeKN877Q40zEviJ8I
Shawn Pierce,1uRHvdqGqTjehVn8CStQTi
Mervyn Warren,77C78gzEoZDQ7SKNUqqoZw
The Guise,4ACs7K6wvhrntey9YnKif1
Jason Brandt,7LnVZLFbqS4SsUSb2FkY2d
Paul Dunlap,7yhh7cyLrEbAtmSu1Dxmbt
Hans J. Salter,2qy9SRKsahe8kY3Y6TzHPK
Brian Jackson Harris,3yp9OxBKfZyFOpMx49QXd6
Nathan Van Cleave,55h37jcGm5gtmqHtFW93cp
Vassal Benford,68KvpvhgiLc9r2g7PJDS5G
John Morgan,7FetIwKD9uIJFiUwdHfq6g
James Morrissey,2FAp0cvewWw4rqgem2BxsM
Dimitri Tiomkin,6MbdnYlaRAlKxVJMzFcm69
Adolph Deutsch,5XfGFIgAuLp6WecQAJoIHJ
Christopher Komeda,2P6zx6SRt6OK1WRg7NYYn6
Joel P. West,6rQvvJf6EoWZnoO6g7mixQ
Paul McCollough,4acxfA3DFe4qwMuskdtmXr
Mimi Page,1USUeNBNJcg7Of34Ix74lM
James Bernard,6d20guq0wJ6Z4sQGucU85q
Henry Mancini,2EExdpjU4SK3xnJHO5paJf
Anna Meredith,5zDUidkda0GoYHu2vMr3G2
Colin Stetson,4G6HhUUQ1LgyYnA2WJppf8
Popol Vuh,5zeiqAaIiDrjiDch33A2lT
Karsten Fundal,5spgxyM0eaq84qb47hcc6p
Cyril Mockridge,4LGprUdGiNpXjLZzHuoveL
John Carpenter,0hxQtmgWiPtEsDPeIuKxXq
T Bone Burnett,4zMX9gWf1DKhvsYHUCbBF7
Allan Gray,3EnGhg9MD6CeEOcM47nOCC
David Robbins,30yWMvpb5wptJ24GUL7gzj
Richard Thompson,5w75MoT8FfcGOMgjgrj1cz
Jesper Kyd,3m6alJyeKYSCZ8078ttfaH
Gaute Storaas,6cBomEDSJxQ8VksaVSqMjE
Bobby Krlic,0e3tj3Rn5xXhUmOjn2cv1J
Slvian,3CRnVZZKmHsyxY74WPOEu6
Lyn Murray,1hK263gqKlB1FgbHybSmNU
David Torn,73hA9Hs2Vap4dGQ3nYTt6s
Jeff Herriott,54sjlMvj1vT7tRGlEuBcsX
AIR,4xXCRXOfQKQ2gjWxNhNzYW
SQURL,1UXCB5V3DpKjiTGkVodQYA
Jerry Bock,5if6qdSkweSBwhdvFfKbcC
Alexei Aigui,5LaWJYIJaRFtx0HbieOTE5
Charles Previn,2DexAe424lWMGlqxFuTTFd
Jim Guthrie,4wEVY6Zz9STrspLNOmyz50
Dick Hyman,5RRGjsMRTbm0kqvZcFplZT
Jerome Moross,7vAxgzC4j1eFGj4hkIEB7x
Brian Williams,6yvLgT6uIzoqhRfPp6mEE3
J. Ralph,2GPriNLwjGv7sjsgIex8Wv
Michael Gore,1lJoWWtbloeRGJFGei5UZe
Jack Marshall,3Aph9hft9LO5087r28M3MZ
Emile Mosseri,0BNz24TKUn8Ov1ApFkLzA1
Sammy Cahn,6JvUOG4JFmgNW6jjwm71uU
Gary DeMichele,6iIZqHPsj5c8eQ0tQXVSLo
Mark Thomas,7Dxsic9QYvxLTrnmGrYN1p
Christopher Spelman,4DYEKkSnrSbUO4Rd7Th1wE
The Sandals,6yaMfzgtXRzZMzaHfUtGX5
Irving Berlin,32zXZpxwb2bq7oGzAhe1Ii
John Addison,0dD5t8KmNIXcf3CrrL3jK1
Herbert Gronemeyer,5tG5dl5mS2wB5w72YBpsyg
Philippe Rombi,6MiHGe7QESOe1tQrWPP0Po
Benedikt Schiefer,4OaysEYNmI6UIEkyplEcNH
Niki Reiser,3zWhmLUwQRMPa5sWRs3KY3
Jeehun Hwang,0pwFLipgtI7mhJvRh7VrZU
Michael Nyman,2LvhyFvUCDJ7gFuEBOcrM8
David Yazbek,1NT0RwdkGaDXJloVEl1xi0
Le Matos,5nrAu9uBcj8NcdZHo09qG9
Nicolas Becker,75j4qyir2qvYdz6APhOjQO
Matthew Herbert,0zdn1nNmOZXHZ9K28FvcFp
Sol Kaplan,0SF29Uv75NwjxkTKCUo3Id
Doug Wamble,78N1EQEcx8LMwTWyl191tq
For King & Country,3sDbKMebVH2VYcRSl7u1VC
Jordan Dykstra,5rBR7yw3rPZPHAGOKjk5O1
Goblin,43X1WUBfHuL1XJYckslH5U
Gary Calamar,1fiIwmLV5lalMuqbpzh2kg
Holcombe Waller,6NUdpYGIuTONq4LXc2WZI6
Claudio Simonetti,7oAhOpIfgNbM7IGlUwkOAV
Mason Daring,2v6RW8j9DIsMCGvWd2C19H
Benoit Charest,6bchTpH58q1Z5UpySYWkyp
Mike Mogis,0cf3O3hfvJ2nIbw6vE8UVm
Basil Poledouris,4jF9GaNGCGBeu2nKqFZ1K0
Jeff Gibbs,0AzcMqrGO9SualW80xifef
Ryan Winford,08htbQE8ga4gSvVO42UEO7
Giong Lim,4yVuFEko89vcXJX1VYC1d2
Angelo Badalamenti,3Eeb1U0VJTDaFpBHV4DmHl
Ry Cooder,1CPwHx5lgVxv0rfcp7UXLx
Nicklas Schmidt,7Ku9xz9DeV26gUqdOJdgsJ
Ohad Benchetrit,5VfyUW1LJOBPbNk2zhg4eK
Miklos Rozsa,3ulUkIj0owxd4Qedpfock2
Gordy Haab,3F3rZzKrKFGI2A7PpGAAQa
Cornel Wilczek,4dkHBxANZXk2STw2AUVE9S
Gary Lionelli,24iqotHcgFtCZ7fJT8dG0H
John Phillips,4O8NcI06slOnzcloI95qfe
Bruce Broughton,2l8NfsHSrQV6cwfJrGqqDm
Fran Villalba,3unSJ1ig2vcY5cdymcUQhO
Jacques Ibert,3KSFGteIQYY5pgE3veclRk
Joost Langeveld,4fUjRCrmSfowqKudHtWFvJ
Ryan Adams,2qc41rNTtdLK0tV3mJn2Pm
Andrew Hollander,0AOlX0H3LdVzN3JvuMPjem
Tibor Szemzo,1OPIwTh6ulIxfCghHBi7pM
Pedro Bromfman,5SiBQxijnMwUGUYG31gZnS
Wojciech Kilar,6McH9ZlRL24gW6Bt4fpqad
Jorn-Uwe Fahrenkrog-Petersen,72nIC4JBN4h0nfKWmWFfGz
An Pierle,7CNlFMQD8xxS2Bm8ICos9l
Sune Martin,0WVG8BCEVyAHorGOlY6WdH
Simon Boswell,0dV3ZqLBTuehN0DMtrC1ht
Andres Sanchez,6YI8vTrcn2ovyqjQXKjhDQ
Rob Lane,7nlwfEaz3EFAq4rJBvLy5k
Brian Satz,4xiBg5AwhlWtuxAJO9rO6f
Evan Lurie,7r9YLHataVVnEPIHpYYqaB
Rob Lord,3S48l0riw319D4U8Y7Oh38
Ron Goodwin,6LAuSqJCRCwwtITrlfHg41
Peng Dou,1AHUvP4i96PF7RsojG3fOm
Ben Sollee,3Zzs4IqjV4b0yEFWqRv1si
Ed Kuepper,4GMP7hq7VXDmFiQ3KgiNtY
Patrick Gleeson,1wTO3GgEeh6GAJTmIXnZlW
Michael Orendy,1DnXXugUEyg6DQYFJR1e9A
Alex North,2x2WoBP4HIXYCxxNzfGG34
Qigang Chen,13Jcxy4xCTHHdbPTxxKb98
Bang Jun-seok,58v6xhLmTYUipCA4c2RFLd
Frank De Vol,3BgyIfwJUZe8tE62jRURF3
Joey Newman,1NuLABY8MAGyFsaLGtMmqO
Patrick Cassidy,1orYvSnckUbc1jCwgeJ7cW
Cherilyn MacNeil,45T2NosGONGGky3l8oRFRc
David Bateman,5YczU9Aaz74hbLnmxVhSnO
Martin Tillman,4AeXym6l8sQlRKvUNZkaYp
Hugh Marsh,1kw8xzyuHhYOdQiu0Pu1Tn
Saar Hendelman,1IGxImFofb8qSaAns3gFYQ
Sanchit Balhara,0LOdQDBSB8NYPykI3REezj
Helios,592TFYwu9Qb0RC1hKDbX2w
Freddie Redd,7CC7dqXYFQcYPqt8sTrqTV
Leigh Roberts,7FNC0SgQMddsqo8WRdWhpW
Fred Katz,4AZzBO6IdiNGxpqjCmVucR
Patrick Williams,6Ls7jvEOGiaPP5smBdptcF
Ryuichi Sakamoto,1tcgfoMTT1szjUeaikxRjA
Rob Manning,1T4JSx9PVnznAZGqpyUOJs
Duncan Blickenstaff,42awwX4aVrBQ6O3GBCc58n
Adam Horovitz,6w0ChYyHNAuYJThnVhSYE5
Tanisk Bagchi,4f7KfxeHq9BiylGmyXepGt
Johannes Kobilke,1IFRplbTbDqEkyh6TFP9ah
Nick Glennie-Smith,0cM9EbovGFwSQlWjgHmdGd
Avi Belleli,14j5YRm7RjyshA0lhhGKko
Andy Cabic,1Onv0inRyGjM5SBNHm0VBE
Jim Williams,62GY6xsIVFbUxZcFxGp8Uu
Mario Nascimbene,2sy2OHRJWSjjDUjQd9coa7
Alex Mandel,18kbruHv1rb1K7F5gW7u5d
Jeff Eden Fair,05BkDv6lrBLduTzqJABTqB
Matthew Wilcock,5wwV0lI76LUp7NDc7XGBjf
Giuliano Taviani,1jfBMwjebaEUfb9EixGnrE
Marius Ruhland,0NJyEOx8fb8v03EhkBwiC0
Galen Johnson,5I9inzGpyb6yJudkcXUhuk
Plan 9,4gM49um7sZCXMSLLMoa1yY
Stephen Lawrence,4xDWboxMAdfuz7oZyVifKL
Arthur Russell,3iJJD5v7oIFUevW4N5w5cj
"Gert Wilden, Jr.",6NTrJ3228Jw17vGxQJMo0U
Hans Lundgren,7rWRdgmFBPfs9ihu4KYWSj
Nino Rota,0RYyGExpy57GLGa1GtFoVo
Jeremy Turner,5A0CG3Ju720SbqMTAqYbYu
Ryan Elder,4Pb4bahbtpK9nkdfp4bHgi
Jon Attwood (Yellow6),0vyGX1IFyOMvbs85nTccRm
Mark Orton,1Z8O4oak7dssF0X1ybKE2A
Daniel B. George,19LSvxSMBABIMq6VXx8QFe
Julian DeMarre,2v5xKtJsPeTJF8hB2is2hu
Filip Sijanec,3lsmUwF6AKdfHu4m0K66ft
Jasleen Royal,74OaRjmyh0XyRZsQQQ5l7c
Jay McCarrol,2CMmVX64L9gPdfcfUgclc7
Gast Waltzing,3T1zVlacSek8fLSXORftER
J.J. Johnson,3hZ5sdhYTvgrmXIwtVwqmS
Lim Giong,4yVuFEko89vcXJX1VYC1d2
Victor Hugo Fumagalli,3BYKC0UEnGJeutjs4zOReb
Matter Music,2mwbmUMXTytBa6ji72N6V4
Mmmd,1srNAU8VclJjNUtypuFlOs
Carly Comando,7otEnuPUUfrDT1iYHUo7KP
Dominic Frontiere,3G40HSgDqCQowGDCpEzlYe
Lauren Culjak,3mvJ3Ene7A6pDcgaOkh8j9
Kevin Blumenfeld,5RubBbAYI5Zn9XcROJuGJ2
Oscar Navarro,6uweme9Zf6jsV2PeO83lL9
Graham Tardif,1WsH2CNaqHDkmqvsXzAzZV
Manos Hadjidakis,4epy8uB6icBmTU3VoMwVzG
Alec Puro,3nHbslrR1NgMqHMTl5VC0d
Devonte Hynes,0M1ImWN3uInxUCZVIE9uxa
Trevor Gureckis,2Oa3wyWDEomyWShsIPqV84
Bobby Johnston,0b6QSQZICgQGR32F2nWB8Y
Peter Raeburn,6MffLVAEo8ew61mmQD8GiV
Matthew Robert Cooper,06uvdRKn47qSKL77PpsqDc
Walter Werzowa,4c4bozCvxnUcUE1Kxj6YI3
Michael Montes,7vcp0Rq3fvelX2Tfy5GFus
Jonathan Davis,1VW5tZ9pmSb2rG0GmSELwW
Corey Allen Jackson,1fZCAW8hehMLgsIuWaaNmS
Giorgio Moroder,6jU2Tt13MmXYk0ZBv1KmfO
Nathan Michel,3MFEZHs5sogmFDMISdJ5BX
Nick Faber,2TRzMF4vWokw4wu0oaQ7eV
Zi Wen,4WA7id9CwS4RIVWyb0UGRQ
JJ Lee,3rFj1dpExKYIsMtbyBgpBK
Armand Amar,2fJb06JRcuBWypwj46TQZj
Ian Neil,0Qz341hUw2KNrPpassp9HQ
Michael Dress,3emvd8mKDWpMuFcbhL9nJo
Konrad Elfers,7d3wwDMoVx3mKMcocHOKnm
Ryan Ross Smith,7tuKv0GJsM8N90Kpa3AN7K
William Ross,2cmxX7dd4i6kexfulvdpZg
James Johnzen,5yhxqYI0JBwUKfXpSEjiM8
Brad Anthony Laina,1sIU7wG9qqOups2duV6nkl
Jonathan Keevil,47TKNyTXeqEkn6Vf7OShlf
Joshua Abrams,3dxrYg5kXIGgs3jHVFPneg
Simon Russell,4IpsyaH7LZn4s6uMnud5vA
Johnny Jewel,2KofAEA8S0jDDXjSg6a3HR
Stephen Hilton,7cDgUG9V57M9MXlJ3Hm6lq
Jeffery Alan Jones,0X9lvpW7d8rW8WX5iVd0Sy
Paul Shapiro,1JRCfqlBqsyqHPFaooGAKK
Puggy,5zb1fNUc5wpXgOnlxxZ5Nt
Daniel Teper,01gckeUYQ0tgIrqzUh8Qux
Yaniv Fridel,6kpYsmnkv3p04GYt09vTqf
Dave Koza,0ZcJXldoq09BRIMl0Qh1Vm
Brian Goss,1uCLstjJk0PArBFJhEuxvJ
Stephen Endelman,0VcmfHRYj9oStsXFwbLpim
The Radiophonic Workshop,27k3UaPcNVomZ2WjkaEIS1
Peter G. Adams,5t26myJesuzA5e2a1uso5y
Curtis Mayfield,2AV6XDIs32ofIJhkkDevjm
Inon Zur,5tzixIjD4uBPCqZTljYvQi
Harry Robinson,3npO4krkcb8NTPSDGeDPxz
Jeremy Tisser,67hvPs5owuTAQBPIW1aRlT
Max Avery Lichtenstein,4QoUwtePze0h0hlEPxD3vR
Willie Hutch,5w834ZosnqiBBV8xXCi3oD
Simon Lambros,00z52YXA1JuOCASgRmB8i4
Katya Mihailova,3a4yqtsz8OqNn5LHr6i995
Burn One,5lIvWTv9z0LUcZ1P1Tdbah
Michael Rohatyn,37HpoaMLMpjQPIodvBHhUH
Michael Bacon,2JEdbTCSSjPgHxPJvYptl9
Lior Rosner,6UZrwnf8i7C6QZmvro2pkj
Sarah Jaffe,1z2SrszsRmq47kDhBAnyNS
Ari Balouzian,6kdUkl8NnauhYXdHRTcieb
Ramin Djawadi,1hCkSJcXREhrodeIHQdav8
Tajdar Junaid,3tEJo0yjxFfLljtseITzVr
Werner R. Heymann,5q0RqKmJ3epPD6k1emzC5F
Justin Melland,4Ol1mDBazLTUt676dnLSmf
Chris Bordeaux,5Gj6IPe9v7U4r5YHouPDtr
Francois Lafontaine,52IrV6KbPDa8AYgdjTfk9Z
Jeff Marsh,3k4brmGcy2XKniTCeYjheD
Rhyan D'Errico,2y500OUe0GBs6ifxHGJ3KW
Adrian Johnston,5VeBbPzElOgdgevTlSgdf9
Kristian Eidnes Andersen,17ieCUSa2lAxgg7A9of95I
Jaymay,42lt7Lr6m3qVIesp9pP4oH
Mark Adler,53OjoM3aoTAhkADFqmncIt
John Hill,7FFISpih28BCUClBnvGgIs
Howard Drossin,6WF6a68XMx2uPs1ChTqzes
Elkin Robinson,1MS4MMgPaQ0WyM0u0Uj3EO
Benjamin Wallfisch,2xOp0rCDPAmYqnL2UFbaDY
James Matthes,26fog26iid44RS99y4iLQi
Elizabeth Drake,35licOraLwFvg47vrdA5XM
Walter Sickert,2yrZaFj600aRDZD3E6Ux5K
Donald Rubinstein,7CS3GfhcmOue0mrEkp8hFx
Hani Adel,2mqNN3AwsqhYMAGDlCwjOS
Dong-jun Lee,47DUdAxDgx7iW0U02O5Mx9
Bill Conti,272ygo5fv9cYsiCLcV0HV2
Michael Gatt,5FlCx812niXe0rUbdaxp2g
John Hardy,0W9JxohYcYAODiwRZyqpmM
Peter Kam,0qfuxQiPQ79eohvARHBLFs
Arturo Annecchino,6RBCCe87I0AiTrOuMpytKL
Fabio Frizzi,41WV5TRkqaqE84nspGDiXZ
Pasquale Catalano,22kHdQuxGMey421M69muTd
Harry Covill,1YyoeAA575GdoHKSMt4hFU
Stephen Oliver,64v1jzrXDgKoM6mn10SeGw
Berndsen,3e3xFiCdq3m6YoRvKdMyX8
Jeff McIlwain,33Jk7uAkaZognE8ooe4ITS
Natalie Holt,04ZLnodB6WbVvYg2LECqpQ
Asher Lenz,2JGkwMsnbLevRJmLrjiSqs
The Crystal Method,5eKLa1xyHLq8ERWmT1CRHj
Johnny Klimek,35CsFzAi3BR19Ar1wRlPb6
Morgan Coy,2Ntcz3nIhmiM2R6LWNsjAZ
Aaron Dessner,2hSyEBc9TBb9j38FOCdkIf
Jean-Claude Petit,34cceKIEdiCrj3DTaf9vbZ
Daniel Thomas Freeman,4yAsvlJKigqMQ2oMRHVaDd
Devi Sri Prasad,5sSzCxHtgL82pYDvx2QyEU
Christopher Gordon,2ysZkdT4RS1FePKkpQ0rKC
Richard Rodney Bennett,0x18ovS0dAzgGlZOWuc52W
Arthur Wright,5Io03CULKGgt2lHkdhe4Eg
Jaymee Carpenter,309D2dx195S6WpR0RmApct
Kimberly Henninger,0YZhPoV5YTG5ep3LYivb36
Alan Howarth,3Ia5S5H9yoQpc9Hqy0cqAU
Rachita Arora,3aYxC6lIXmFMNM1Ke75NMO
Pyramid,3aSTe6gzR3XChH1wcLfhmD
Matthias Weber,2JkSe8dim8GE1nxMjnqn72
Hutch Demouipied,0HC0e3f0vLhHVl9CLBnivq
Leonardo Heiblum,5o9hTJmakd6LkNtjkV0DS1
Scott Alario,25JoIih6yHm8MK8rxR3KDQ
Glenn Richards,2RP4Y5cqTrpIf0MpUyBnlY
Murat Kabardokov,4nT6VWaviFws5C0rU9vyPS
Caroline Shaw,3uUFClFtbjbjQQIq4BjY2C
Varhan Bauer,24NWXNCalaQUeEcpg4zXvR
Nobuko Toda,57JOhTMAdbqeE4hVOrsOqJ
Nikos Kypourgos,4QEMC0w8L2kZka8ps8uzqo
Ben Foster,6Gp8BbKAqPO3R0UAYkm8J0
Nick Seymour,45n3q9WYY8R8WAwNB2HlTQ
Pedro Bronfman,5SiBQxijnMwUGUYG31gZnS
Hrishikesh Hirway,2nMDfp8TJzahlTJr5Hvetf
Gerald Fried,4qKNGPsBIsdEXyg929PKQe
Magic Music,3x76SEIBKLAQ6d3mdZNTEU
Chris Cobilis,3PhHLkgB5xe3V7lCEVTEiu
Katsunori Ishida,68uNPVw8lOwAZm2mM0RDlT
Tim Oxton,4Xhg3cLRH5Pc2p1grqqsTw
Janusz Stoklosa,7z6QEbDuDLou03RiugvNnH
Jeff Beck,0AD4odMWVQ2wUSlgxOB5Rl
Georges Delerue,5C2ILE4DWY1vzn1NPxJOag
James Baxter,2B2imnQlmJKVHyM1qJvoTK
John McDowell,0vA83mAXVoWO3Oav4rMu58
Kevin Hufnagel,0MMoPipQGRErIfkVIUVApD
Vangelis,4P70aqttdpJ9vuYFDmf7f6
Tree Adams,2Dx84Mxlx9fpW7s20ezDji
Darren Morze,5mbWrIUSWz3KRFHy8kt8Lq
Prashant Pillai,0YpuXLh1Ck69AHkdfVyqXK
Steve Mullen,5hKnrn16DalQ0JMdvOOwKA
Michael Convertino,6vxzsE8bgdSv0QM4WPIuiE
Seth A. Smith,71je0HvwFhpVbcHFcXYVhU
Xin Gu,4dvED9QgvoI6mLoVuaxXnX
Erik Enocksson,1ot4IWvtkwWLAYwNUJYZex
Andrew Hung,6JnhL5qqBYbBbc7jUdvtxq
Steve Liu,4rK2sefIZVrvpsz6MoXKvY
Gerald Busby,2AuTcTFimx3NZTsrQiJ9FQ
Arthur Kempel,1eAjGgbcXvcfhHDU1grykY
The Stone Roses,1lYT0A0LV5DUfxr6doRP3d
Les Reed,7xicdht6x5EjlVTELm6qt8
Marc Perrone,7i3Mu4ikMmBBnRa1EHmJGc
Wyclef Jean,7aBzpmFXB4WWpPl2F7RjBe
Michael Kramer,4xAjNkXJV4MGhdtCZySeOp
Jonathan Beard,6HpNP7MA0g0bO09eANK1Mm
Cho Young-Wuk,0qUHwGKZS1Q1hTe2Zbt2L6
Andrew Jimenez,0PWF0NLpJq8VMWWQAQUgo0
Bryan Hollon,0LVGDr3FosGLO8H0y9Ym3H
Joe Cardamone,5wZdhTGxP0MdKiceo0q2Pb
Wasis Diop,5WgEnjgCrT1aeQELTV3tdB
Mark Hinton Stewart,3m5CRT9wETKoei7IN26dmy
Erica Procunier,7DUcfYRFNgy7XTy21ES7vY
Alex Cuervo,6n6Fbjh6pB60eVe3jvbRQ4
Chuck Cirino,6nTrEFCCHC2i3j2QWFgxQd
Victor Reyes,2SAOJkscpt6lG9tjWdrauo
Ted Masur,6YiklCnSj1qrt09IqnODDC
Stephen Trask,6N8wx4up8tNTIulkyL6zHe
Niall Byrne,39u6Bl8CfMjzqKVaM3JsTJ
Rooster Blues,1UEBkouGhsJYShQTsKTuAZ
Andrew Becker,0uEfdiCa0yrTkDKCPuEYLP
Preston Spurlock,27QnILvIkbLqXzxEzPmSLQ
Calexico,1OmdWpAh1pucAuZPzJaxIJ
White Sea,5WzsdqnI9jOwLrW9YuXI4t
Chris Chatham,4JjB4AvMuFYFxaiXR7t9nT
Colin O'Malley,03PVLJvS8RFC7wcxOBmXBp
Gary Yershon,61eJuJ9Cgg753kCcUg7tEc
Arturo Sandoval,0MGQZNEMaEICyku3cSDrnJ
Richard Hartley,4BND4VwfSnhEu1op480sCf
David Mansfield,1NFp8ZC8xAgoLnvLBxhrS5
Curtis Andrews,4bok5OEKltN37sXdQVj1RP
Leith Stevens,23ya7hLT8hL06MVeGVgb2D
Ralph Jones,2Xab13VHEE5Htts2tsaPFC
Jon Kaplan,7wytayfOf8kKWIBZkr6Ran
Debbie Wiseman,4rUMZjDiYilkBk8vc5WMZC
Stephen Daltry,1ibmyOF3Eiuglicn3OLsr3
John Carta,7oK8s6fCRCpwC1gPHutfMf
Tony Chen,0euzjhxdtseIRl0GSrxpAe
Carly Simon,4FtSnMlCVxCswABUmdhwpm
Andre Jacquemin,1ZbFMKm9lDJICHt3FEqVxE
Katerina Polemi,1yxgdqnPHV9SeeZF5Oz4ZU
Matmos,0xBkYJzwFzcIYev4fOkvk0
Bobby Emmett,7DMB5MxXwcnVH4JUl0hFjm
Greg LaFollette,0v3ZpML2fBNsLBV4b58QMb
Gingger Shankar,1LiH79EXzcaMRJGoj45Iyw
Voodoo Highway,380qtwOHntdSlZJ1irFYvc
Gregory Tripi,0ST1bSkg9PjaACmgA5eHj0
Kostas Christides,5AcFd1WkGxexNsBBRSWLTh
Andy Mendelson,4QBMkcyL130aRYSk0HkOeO
Paul Grabowsky,6GGbZHdSd5J2OrJrbDbais
Robert Donne,5GbPhzP9gF4e8n5GZZ7leg
Scott Glasgow,4nGPvo7sPAez4RYmVBHDwy
Francois Rousselot,11l5OGQwpKIhQ4QGq7DbF6
Alejandro Escovedo,1Cc79YAHP7xvQAVQSjveP6
B.C.D.M.G.,6uRJnvQ3f8whVnmeoecv5Z
Jocelyn Pook,0gDsjq3Se2YgMBdiJ88j06
Ray Colcord,48mTo1blXIozmNHmuzIY55
The Witches,7qtubK9xEI56XRpNfSbrdO
Martin Davich,0cr1hvbhQzGQ9qFWaQKsyO
Jacob Yoffee,0M28z4ZRPcGZPSXsJqc1lP
Andy Cheung,5Ucp1dDnAx7mrp47NdHQUF
Frank Cordell,7Ge01HC6kiFnyuCnSBy8Gh
Christopher French,29drpKrvpGdUXkeXkAWYPi
Louis Silvers,4WqQK5ZOWPXKDeSW2JfVtA
Sricharan Pakala,3lnECmHir8dXsqVV0QuruT
FM Le Sieur,56wq90k9PURlCuevWwxtXZ
Lucian Piane,27x5boWqlA0tWUHq9F1UPb
Robert Allen Elliott,2Auj0KwyRuMpJ8lXUlRwoR
Sergio  Moure,0PnH0TBW67ES7U4blzIQhn
Joe Patrick Ward,3qLJNJdh6GtroxFABTg3kr
Larry Group?,4zCdwSs2M0cLTb2SRC8puu
Pedro Onetto,3fZuPwaBOf8bn6ZIKd203y
Jay Chattaway,0X2A01EcIZisQqI5ngkavH
Kaveh Cohen,7gwu1NgWW8h1Uj0AbnLkMY
John Stewart Eduri,3C27TE3ogOrBaZ2Kvd9QIf
Bruce Peninsula,2Iua0nuwiUuEpXR4qOS4xe
Carlos Jose Alvarez,0lfLTyjFKw6eqPPuifNcrA
Mladen Milicevic,2U05UeRAtsDm5OKkKTKZsy
Juan Navazo,1jwlfxdMp0w1J4ZM90HVet
Steve Moore,7kcEevbRjcqtpjVgoYcq05
Tom Martin,4P0KP5wunIHTElWsbeCow2
Howie Beck,4cxqjP33ZFSt6LnAB33NvV
Daby Balde,1ulrB401CfkUbW4Jnpihji
Nino Oliviero,5asbXwqLkuOLVP5x1Wp5kP
Francesco De Masi,3wCZYeAMDzjqdjtAYrigmV
Michelino Bisceglia,52H2wf4rojEh15CkhJKGbL
David Stone Hamilton,1Bdk2dj2iDT26TifDVlqiM
Reyn Ouwehand,1Gth8lqQANXnAJKqGQ8VqT
Michael Boateng,7aIz5ShvlJtGpFGgZeJ4fL
Fishbone,2X3pNc13eRGofTO9Yt3sMi
Emir Isilay,5qPzKPZBqCaBbk6jqazbnU
Normand Corbeil,4IJ5HcMgqAAIkcUJ57zllM
Lindsay Marcus,2cf1OzexvPzZWoawBLj3Oq
Michael Price,6Ie1HZJ0vFXxxogMhPnZcg
Dustin Hamman,6f47kTqnIKdu40QVGcy8fT
John Morgan Askew,2ILCRMXC8CbkDlKP712fKD
Mads Heldtberg,4gqjOO7yjMiv0u375e8AjY
Kristopher Carter,5ut4S6Y5pM2jR72TAmAl1V
David Das,7Hjbm5xqcUAZdvPLMNjOGO
DJ Z Trip,0YUefH6Li1IsJBtlUWgtwc
Jaime Mendoza-Nava,4flH4Z1qyVgxyHCFoDLDFO
Peter Bernstein,5vCIoZWrnWUkjCKmtaADQc
Susan Justin,3JtrMiIfYplcgp95VzkOPK
Cody Dickinson,1JOJr8I2BVbAzP3Q5G6b3u
Rick Fenn,4ZjFLzUkmXmzmK0KHXVicu
Stevan Mena,1F2ITGDQTx7GTZLvsi83bn
Herschel Burke Gilbert,3rMsjBq9MBs28Iggy9sWqB
Hugi Gudmundsson,23ePLzOHz1mtHU1g6sBkHm
Bradford Cox,6P2arVKIJ1e2gNWqMqRrEq
Ohad Talmor,5sUP3eVdlewj0agEYiRdLt
Edward Rogers,4V87GtAGPuE46ZvmfWteC2
Mattia Carratello,0QAUSORtD61sptDuhqyT7h
Ronny Barrak,2Xc1OgB8Ph7oHIQeZgx6it
Jon Hopkins,7yxi31szvlbwvKq9dYOmFI
Chris Baio,5WWp4g4TgYMfz8XcO3RTHO
Zbigniew Preisner,3gGbSXSwHWmrUBIG9IUAau
Derek Bermel,57vCdaiX5bF2PZc04XHUQT
Ethan Gold,0s99vDYatcM8lspzPvbuRb
Cody Westheimer,1mr4OWzaa9LYoPgMrDd1RD
Sarah Lipstate,4g88Jv1TWU4rnZQHY2aBDq
Bruce Retief,4BpUMktT20SICdig6tI7Ww
Paul Glass,10Ca9bzmmmILamirwctttc
Casey Wayne McAllister,0BwHcYVuR5CaWlgdqwfHWB
Ben Fox,3kVZl3EDgcN4v01oxJwfO6
David Braud,4qEiagsbMQM8rJrJk7utBR
Brett Rosenberg,6cRCGeM4U9TPpaUtPzdqgn
Jack Lenz,3LzSjgXJnvwHq4w9aN2uwA
Paul Oakenfold,5MO2kbaGGA2a8kL4c9qqHq
Nathan Wang,5M262TlxDkDg3P7P16CXl9
Hanan Townshend,4G8H1peJnT7swm4Ygtm80F
Eli Marshall,17BVAu5evfvZqoshI77vwf
Chris Boardman,6HTSX6gCGxBEgURRulDUrS
Haruyuki Suzuki,4QWlULgmt5u0F0dGP3pS8O
Thao Nguyen,55UuAQFLQ2evgmFBzAfTpQ
Olafur Arnalds,7E3BRXV9ZbCt5lQTCXMTia
Tony Anderson,3aRscMJRah0QrvGE5rkvZl
Roy Webb,3a3dwi2xKOS7NTIQeeuZHR
Nathaniel Drew,6WYhTsOkDtjLcZlwSrpBGm
Jeffrey Dean Foster,2oUPcG97oaa7SJE0tFFIvf
Todd Haberman,4bM1K3ZCnQUbIJW5PJXgyl
Guillaume Roussel,0t8ueo26TERMirdkaKKgSP
Christopher Cano,76luNbqkgg0TiiKpPjjja2
Nathaniel Blume,7kZ2BAP0CReII5YGxMXC5g
Patrick Copeland,1qXOrhyjiGpyZ3mY1a9K9k
Bartosz Chajdecki,0sG1Psg4QADr9ZrZPI2jO8
Nick Luanay,4lG71rnC7sx25oeByeSEYe
Craig Richey,7vS4W1iCa119pbKOEfIvwp
Ben Onono,51aVjCscbm1uAAgyfd7JOb
Andrew Gross,5s78L8JoisqT8GHN7RBTzL
Sven Rossenbach,3IYgXd35idpOtwSnpZhsDN
Francis Haines,0VgGqJrGH2rwoWsR4XgJX5
Justin Bell,0UQ0RWEEfYZYDzbACuhIhM
Sean Giddings,6JCWjeLsJQPeYsg2UMPtQq
Andrew Harris,11InEq06MeyausbK2U6bNW
Sam Cardon,6CmVEAwfs5FzwnQ9bIotP8
Harold Rome,2yyEJMpS6a44rf5qG5YTnR
Ronen Landa,5PC9PQu8Lbu3Ynr5Kyutw1
Keatzi Gunmoney,4cMPet2b0wbggGODqawpOU
Vishal Bharwaj,1JdHoZwkwOmX2Pl2iTwnzc
Judd Greenstein,7vUIRQmTlU4HGPyE8iuNsa
Silvio Amato,286aITRtONFDoFRm1mxNnv
David Garrett,33k6kPYIS5TgseAc70LZjy
Piero Piccioni,2WPn0emjr8XPmMOT0bBcPe
Zachary Walter,5TlTFEFkDb3OleAJOfIc1a
Ryan Perez-daple,6fDQLIUMFt4NcKKIPc0IHC
Ghibran,3jw2v5ZbSWBinNaECXq8cJ
Stanislas Syrewicz,5uwUEMN59KABw41ZFpFDT0
Austin Jaquith,7or8Pyif7duMnyhrB3Iwbc
The Hudson Branch,3B7Hf4t58QEBIJM6zpdqMb
Johannes Repka,1DnTEe1bd5bENrJAza9Iuz
Erran Baron Cohen,1CrSNBDckO546hf8QKPd1g
Daniel Coe,20wkVLutqVOYrc0kxFs7rA
Logan Thomas,6EeYsZmFdhBN6euw1uUUTa
Tom Russell,3M2S7bYzQt6h4KrnoihzLS
Mark Jenkin,4Okg3R9otlrau2ukh1lpTA
Michael Timmins,6JqdnjMvCaanPmbzybRMwy
Bruce Gilbert,0ZGxa4U7nK1m3tpTgSdVDK
Killola,2WYHyfZe5z1KD89V8fUT6w
Nick Wales,06W15A3YWSjGch6hLcLbtx
Jeremy Rubolino,2E3FoMLggabsb5cAU8P0lC
Darren Fung,4YswfxbhzqBBlbb758Exzq
Riz Ortolani,5D3YOC6ffqe2wDikuU9ljG
Van Dyke Parks,3M8NUieZuEOMs0Hf210w4n
John Kirby,4KdhIVQOLA1Dek3GsCokaK
Lara Meyerratken,0eZvAXkSyF6Mba7b8imYQH
Richard G. Mitchell,27qOqWHOIbAJvxZl7Sxy7S
Louis Febre,1vUxfHRY6pGhQ0gsi0ZEb2
Fei Peng,4y1v7pNIHZY1KoC9sTgd1m
David A. Hughes,3Ng21zeQmtQfPs6aVKY9E9
Mia Doi Todd,1r3efMZ0kcejkPKP8oQZzv
Eric Holland,1DJ5uiAg2CL8OVN2vw5hQ8
Jamin Winans,3vfnSSVXEemBPhllXjvCy5
Albert Chang,3Xb1EOBCR3jqty0bzPWnTN
Larry Campbell,3H4hGe57907k53oCONU1ZR
Sean Callery,1mSdzR53wTsiokwyE8BJkl
Ralph Grierson,1txbsrTMLG1mpCcNx2LgRG
Marcello Giombini,688plAtejMCpjbZi6N7Sug
David Majzlin,5Hz5BSLJuxBF7dWNIwfhgs
Jenny Lewis,5cMVRrisBpDkXCVG48epED
Sadao Bekku,0aMndRdDAZiJqKKx1kSnQn
Philip Miller,01S6wVdDZz8G8zcRvNzVTL
Angela Correa,6kdk5JCcfYqNIcBNUTGYIu
Max de Wardener,0Nz05huPXhsMC0iyVVlqZG
Ethan Hurt,2YosLDE2reNVfFA4fRPar4
Emilio Aragon,6eNqcw3F2oLMGZG6dUyRnt
Peter Peter,178hiKzs3AUpZHaDnVU2EP
Michael Linn,23P8kVBVyDkO8s6sn1QDre
John D`Andrea,4qFQgEF1rg6a9WvJM0MQIa
Steven Gutheinz,2pHCm7cvE0ADlPp68tScqW
Vishal Shekhar,6Mv8GjQa7LKUGCAqa9qqdb
Paolo Buonvino,78IK4N7NFoD9w8YeniXFYE
Michael Richard Plowman,3QjUgN4WSPccB0QAZOG4Pe
Valentin Dahmani,16VDQtz32KYNS4wsSSY2fE
Timothy O'Keefe,5eZgzjYR7RaiSAu02NRbPH
Ari Posner,563dtu7YhG2vW5KPAwMgC4
Daniel Giorgetti,2qIRjQKAFbnGZPAB6f4cE8
Kai Chen Lim,7xtE3i64ww9KZ8CBjdLodj
Jonsi & Alex,2jabDfWozfWUm6qTlar7c2
Guido De Angelis,03PSwUQ6pyvFVjdXiBWMtR
Steve Bartolotta,5yp69cuT6LidO4GzbuWbCg
Alejandro Roman,4PsSlK0kR4LRgCZKEooaV2
John Barry,7ctAOUlIAs7yuMODWE2Fyz
Yung-Yu Chen,0Z0AJiUSevITizCeuWn5PL
Mike Meehan,2gJTNph6B9rXWSgBSdK3u5
Matt Mariano,7mbe5kbfKi8mIuYlHtQleA
Moritz Schmittat,2V3lzkBKXflvWYIRPATE2H
Mandy Hoffman,7ittdWgtdEtAkxc6V8Mbq6
Samuel Joseph Smythe,2YiMREMGwxM4orcSNz21H3
Steve Martin,1Bd4UVlqlaKEXYRG3wgrCK
Nuno Malo,0TviWkI7qW8BT8PuwRrL0A
Chris White,1jng3jR2LSRJiG1h4TQ6JD
Tim Ziesmer,3Fh90vCzShVKsheavDiuDk
Photek,3hXDMlrPegHRO0zUvBsRSI
Richard Brotherton,1w2oX2a43BTyI98gaeFAzr
Jamie Hall,5SgewWRodwpwqqHETw16q2
A. Patrick Rose,7IeuRiygQDV9e8b1FoDYkW
Barry J. Neely,2B5rqs0Vdvc9pITUPMTVib
Pol Brennan,1IDt7Ox7AInQH2tC9Uya8A
Vincent Gillioz,0UhQm8b8UPkeEYIKPf4IX6
Bruce Hornsby,2iM28IgKg89v1o7BTQAVPo
Jon Clarke,2W2KtGR8rKikKKJ0wyvOfv
William Goldstein,4eZcS71JyYmqtlxVR2TSIe
Andy Burrows,1gYp1OMI5TA9gdiwfdC57M
Peter Bateman,6a7RjEvBuveTnot0njPVFX
Roberto Donati,1LvnYiL8t79jMHt74r8El9
Ryan Beveridge,30D8WUlChFU1C5gaoth1aT
Bruce Richardson,4nFdzZ0OcVnbWZugknknaD
Robert Cairns,2pJHGtMJESV4kmfhXOm9tj
Fredrika Stahl,3hWWpC6XAABcySpC1id9Q5
Harris Jayaraj,29aw5YCdIw2FEXYyAJZI8l
David Reynolds,3EiCtuNSD3sxcXGKfUVOPV
Gene de Paul,5Tv639Ci8CQgEWSQOdg31f
The Red Coats,0E5hkHmTMdisbsc2pibKmV
Tandis Jenhudson,3liITzEi3lUYOpmJrCbsTr
Paul Intson,7MlrqShwBuHbkK2UsFIzuW
Aaron Embry,37UrMzgmpRLmvVbJwcriPV
If Thousands,3hye5NxBMgYR3Hg7mDvjbw
Casey McPherson,5tQRV0FBAedw0YusJO4JhS
Park Ki-heon,48RvcKzpIK3712msZZLt8h
Christopher Drake,3KLA7mvD10XxcjRbo3uTdB
Schooly-D,63NXL9k1RkJYcQ5MkUETLL
David Carbonara,5lTaBMjp9Hv1bGMt4pT2tr
Pierre Kellner,1xGhIGq53AhXROdl9Twh7e
Jim McKeever,0YwH7FOefG5jXQYAWbBCjE
Andrea Morricone,6ClJFNWZvfAc1jD6fB37B3
Yoshiaki Fujisawa,1a5POLCQQDa4FeLueAPTuo
Jody Gray,7tJgv7mEvdRyC70xKpA8Kz
Rich Walters,1hgBKhsvasU5o8AJKfmlYF
Joe McGinty,74dI22iIWc1Q5jhHBPFzBV
Bruno Nicolai,1zPQrFtF93xibAcM35FYvl
Teddy Blanks,5tOzmkjktyoJ3YXwVmaBXX
Heinz Roemheld,6YvEChFKVN9seLW5neTI9R
Will Gregory,32KmawYmxJ5tcL7Qkbegff
Blvck Ceiling,0jpfFJygOanIxOrI719zY5
Brian Flores,35vjTdAmmK3kTVOycyvLfQ
Paul Cardall,7FQRbf8gbKw8KZQZAJWxH2
Nathan Klein,7mRzV9i8cLknP9lXE0yCoN
Jon Ekstrand,41XAccuYQkI8H7sVuiGfcH
Oliver Thompson,688eviy9RJ9tzUDKBJH7Ju
Richard Harvey,3J8wY38gX35pp2soOa4vje
Todd Boekelheide,3m28i2V0BZWwXVpwFOiZRP
Nick Donnelly,0oEhaFOapQsFQl9vEGgGAR
Josh Kelley,1yLlQimDTRrACa45u50LXW
Evan Evans,4jXfFzeP66Zy67HM2mvIIF
George Pauley,2K5YPiJQ6VnCElbu6Jog5J
Oleksa Lozowchuk,14F3jEeosuaJHvcu2el861
Robert Duncan,3HXib4C45gNzDP9o0WC4RB
Elliot Sokolov,6hIPqqSQBdStibT3gGWrZX
Malcolm Arnold,5kM4H3hu2dxxk9erCAZA2e
Maxwell Sterling,0bXOAY3HryVuSfQLmip6VR
Candace Lee,2RkVudHCzD37Z0F7E45Ke7
Kevin Manthei,5PKj8jfozMUObVG4Lyhc15
Meiro Stamm,5s5oBW1hWf0DZeCsMY9Kyy
Andrew Johnson,1uk2F7T73XYU3HMrjXy91Z
John McCarthy,5knBhewxB0lqE772RtBDT5
C.A. Gabriel,3JzgNB1Kzlc17zuSzrC51x
Mahmood Schricker,0jBRE49bshEEZCKHE5qsXl
Daniel Alcheh,6xVLVkPby7kSwtDO7rIXqz
Ian Browne,3s398TKZNahAURRacx7oIT
Chris Hansen,4seaYyQwMCXTbSdrc2uu25
Thomas Nola,0lzHZL4OJAhu8hpkLddVep
Adi Yeshaya,3nFRjNnwtt2NOb9OYrXlRN
Shankar Ehsaan Loy,0L5GV6LN8SWWUWIdBbTLTZ
Stella Mozgawa,0tE6ZxkqBBVVhtRZbENTQp
Rael Jones,6gmWKEK7HKvYBas0CWXdlW
Gary McIntyre,1JGCLIyl9lPVwOQEmPY5fB
Brandon Campbell,0xaog1MHZ1DPRCTIraLsPg
Josh Klinghoffer,3nByCLLgBS3VGDmDvtdyLl
Julien-K,6a82pdlhS6SsAq7HDUSZKN
Alies Sluiter,4yfbTIvHX9nIxgkxjbC6ZZ
Stelvio Cipriani,32GAlFg8ZU34WZLFjAUAGQ
Antoni Maiovvi,2gSI4WHhWDKQjwVUVc7nSf
Luis Bacalov,4iy3JrFlBLHPvXqN1OcQS1
Stephen Flaherty,0e0KzJhXyejX79USdqgNiy
Alan Reeves,0CzrJ9oYC08RoNNzrSabMN
Hanif Shaikh,6RFmiimP0PeMULkMejTmYD
Catalin Marin,7pGvH23RbAIvhxyMi83usp
Paul Terry,2Tz0bu1L9k5WAVGG2kYUhD
Rocky Gray,6Chzc8bFbzWJ2q4SgwG5uV
Christian Biegai,3o7MlNJvI0qULQcg2XZ4iF
Malcolm Lindsay,72zfDDzOhcH4ODS0hA9DEt
Aldo Shllaku,2N123XZbV1DGRbJkvUquxJ
Christopher Brady,658ZiubsRpfUapUXKDuVjG
Nate VanDeusen,125PCXGTE6sFhvG8w0EnvU
Golo Schultz,5KObA7bbzER9FyuGTXqH7z
Carbon Based Lifeforms,38DX4hQVvPBs3PThDIAK11
Caitlin Yeo,0s2R0NwkV76vDA6S8UdcfJ
Spencer Creaghan,6UsbvSWHidueV0jQgXW5eg
Paul Buckley,021TyLGj64ANDu1vD0Bjbg
Joel Christian Goffin,658h552Ad4Rs9s9jwcWVuF
Stephen Coates,3r7uTOS6IhGvFTzuaHvhCX
Alex Kovacs,2B1iXU7GPaRPJmztPtxGW3
David Cieri,1QW4PZZWPA0H1IhMFL1VtS
Tobias Norberg,2ORj5MoVTdm3lIUGvCUJR5
SS Gunver Ryberg,40hYDkCc6rJCdtETszQvw3
Alan Palomo,1WdIwKJe6rahNw6FwDLyxd
Phil Mountford,7m9WVWGbkGH4H7FSLgfjMO
Luca Young,65DqwNTjZChlevZJWCaZZ8
Riccardo Amorese,6x8dvJtQemR9fhVLOyZlFW
Angelo Panetta,1B3zPEwWvlBm82AknrxYfi
David Krystal,2fLpV9aUuE8mTpcn6S2Ahz
Carl Davis,6CcHGSgeYoXO72rMwBeZ2V
Eric Lee Harper,4iEHS5v6T9PDyHENcWAYPY
Oscar Araujo,1wpKNRE1ehCgixerIl9gZC
James Clements,5aoeC7uZqNukRHU0L6qsvy
Greg Nicolett,7FMFA9xHQXguZb9ALwqndX
Burt Bacharach,35y7CZMg7jbG8Q96JY7dyC
Xander Duell,5f946AQCu7aNnU0wYOKwIL
Jerry Gerber,3ZgdMubAUQjf6yUlNKtfJX
Noah Sorota,5A2snA9DvVkycJQcC55GR4
BJ Davis,3UiiWO7y0oNY4E5IPnApdJ
Giorgio Gaslini,4Sqn2CbDsOLkRu20ALOnDF
Jordan Balagot,3zhnANgnkL5vOU40pLwLPE
Juan Luqui,6lt8CZydFV47oahQc38LL5
Melcher Meirmans,6RnoeQumButEL1JF1Lq5rG
Ralf Merten,4uSdGddpfarDFg5xOACpWU
Nick Bicat,6JdSgJNw3FwvG27FYSw6Z3
Dylan Glatthorn,38y2GXrnJPrCL0rnMsEaZc
Brian Crosby,26MEgLIs9gKhvvFfAccTqy
Chris Wright,2PUZljI6YOKycWygjY6EQV
David Wachs,1WfJTV5QgB6fZfpqwntfp2
Luis Ascanio,5HMfbAeRyLRwm9lPLHxAHP
Steffan Fantini,66nYY1yxXmUbDD2ddgkXtz
Martin Crane,2ouBaibHv2I5ZEFI2YB4sr
Clare Manchon,63vgEWSGz2K0p7oxpSYnbD
Geronimo Mercado,6dWLVujWfVfCKAW4VQ65bd
David Horowitz,34PiOT0N29TgCRAzeoMSKh
Bappi Lahiri,2jqTyPt0UZGrthPF4KMpeN
Bruno Maderna,074KQsY66BZlVAn9zrvxH2
Joel Beckerman,6jlF3tQs84ZSMncaAzpMwJ
Bronislau Kaper,6umumEdRXtrp8Gk8SST5UO
Eiko Ishiwata,47iVAoWcfWGcRVYST1gtG4
Frank D'Angelo,6d7FeKblEI1CepLYcX50kZ
Daniele Patucchi,5Qoe5xe5zRk8SYv0FbHybD
Bill Wyman,5TKEKLhk0wTKM5m61BtKQC
Fantom,6psQOFgr41pQ2CiL2CCi47
Paul Cristo,1zLHjVjxPNH4R8XeioG3sM
Josh Klein,7jXROfutTQ9SrfXBrdxe8C
Christopher Hoag,0vBafEFOLXtq5mZuhMgsyL
Jim Zartman,3sTJ4qtozmKdKQLF4Yxg5b
Rob Powers,5cXRRWhXT1kh8mDtkydLlj
Katie Vincent,57OFWIK6WuqUPPZ3JKd2eu
Jon McCallum,7j7wBKS8M29EIYXsAPIoP4
James Lavelle,3QvyLNQBqeJXW4ujagJVjZ
Andy Kirshner,5so2FapMJQet7GgqRjRhf9
Vidjay Beerepoot,3fLXP3gGtD7le4XPvny3Nt
Peter Miller,6EdNrm5LUAC4CGA7paSIw3
Igo Kantor,4XlUY6vSguuz98ULDRYiwA
Viggo Mortensen,11habIRpXVkScDFp3rJrgu
Adrian Ellis,1NBkGR4eLbSwYfj11mo729
Cody Fitzgerald,68dPI56Aw9SWHZyYhl34ve
Joe Lapinski,7znLCQibxksjYZ9rxT9fLE
Ron Fish,7wXT4VyenbT42oXNq6CHIu
Paul Chihara,6YImCpxdCiEuw0XNJuPUaQ
Zoe Poledouris-Roche,3SiQOaTqCQKnFpf7Z9T9Y5
Muir Mathieson,5U3Pl9lDYdkjkPwuEY0dD8
Matt Anthony,2lA8A2t0SosHdJY6lgJ8Il
Melpo Mene,6Ur5BsJW8sUICtONqIqfwj
Robert Deleo,42crL07E4WPfVovyUtMpvC
Kate Simko,2KXLSIzI7CY7AJg5ARUOSb
Jeff Graville,2PxHb344pKTEyFryu696zc
Yodelice,167abweXl3demO9x0VMMeJ
Joseph Conlan,0xxUvzKrQRF5JLnvPXrcg2
Kathryn Kluge,0hTauniKYwz6CBz1s4NLWd
Steve Dorff,5UNK7QU54g9GaZMR8kzMuR
Zed B,1XZzbCZRuj6eOdRxQcmiD7
Ali Helnwein,7GqMKRiTFz9edbRTBZNqNF
Gines Carrion,2ftzmcfo0eFWAq0DfxJm6s
Timothy Hosman,1jxXdnxmlAEWvPIyVjyb7a
Josh Atchley,2TX1XTDz76Y9E0Jutw3oMK
Dan Gross,4x465ziPo99cWx66NZ3rCa
Andres Levin,69CvT8y8zQ5mngmmBSuxhr
John Simon,5gec1f2JUkeN5pGimXKNoQ
Sam Levin,1CmCeIsw4tTFiufFAJx04M
Steve Poltz,7AAenH06H5mjmOh4tj3z5Y
Capybara,1uu6txMDUbdy1aVxzTFpRC
Jeff Tinsley,77UtRtiHuORArPXaYTZki6
Nami Melumad,7icx86YKqzAozjY6xf0KNF
David C. Williams,39tQGOheoa7JcgFLojDykg
Roger C. Miller,2sPlU2auC34WB7jmSwxTzN
Steve Edwards,2SwhNukah1MYpLR594PnuC
Anne-Kathrin Dern,7GKkBtSMSKRKdxQWMgGYcv
Chris Eldridge,1jRZEQrI5lbt5SoBtMHmiW
Arturo Rodriguez,5XAMwb7g6jZrLc3iO8ag4G
W. Michael Lewis,68TpVJzBmxjbEkbIYTdHoN
Tito Arevalo,6QW7JoYHT1E743OHkllGfD
Bruce Rowland,5R5eccQc8EF4ROO0HNRW9m
Rob Pottorf,4wQsEputlA1KjFcer15r5l
Isabelle Engman-Bredvik,4S3zlQuYyvXnANrfeQP0zX
Carly Paradis,7cJxA2cHQQOkRf87Qd8PCe
Stacey Hersh,6OKqACDcueVWJc2yoYmWrx
Tony Morales,4Rtd1pZcznU3fr57jCdoJx
Chirantan Bhatt,1Fp2NbOlCFFrrkc29QbhBC
Peter Allen,6748v9yNrbb4PPJuvfoMRa
Alexis Grapsas,3dkswBquw5Ss899vAX7DP6
Ernst Reijseger,3G3RD2OMqpKq9V234MF8TA
Pete Coleman,2VBlYgKD0A2xHDw8mCrwp9
Mark Lanegan,1fpXM23IoNckJ7NDAm8YJQ
Andr? Previn,2tfWguHr2nj4e8KXLKciVq
Ched Tolliver,0SsnxtCYW5PpRnHlj3cEvx
Ned McPhie,2gDKLEhhnj6cxjI83xNLgj
Gershon Kingsley,2rM1qNABE6tqficAyyZ0l9
Klaus Pfreundner,0febueQEN79DCIfM7cgx7c
Stanley Myers,6l6NgkV6IWYKlRN7jHCQmt
Carlo Savina,0JPH3a8DUy38JvZsdhmEnC
Tim Krog,5axnIdxPSH2K2lO9iommvj
James S. Levine,3B5DvdNkTj6eRfhuHhfM3a
Karl Frid,4KZ3zELIKtH2KA6AfqH3mb
Tunng,6k8oBFzievbIn6XJK0pDpa
Daniel J. Stimac,2UbF9m6JbL7FTwHssCt4Jt
Les Baxter,35pV6EUbherudlvAftoueR
Philippe Jakko,3Xy2NPtFkpg14nyuxnGmaI
William Scott Davis,4XApYQrgcNcn9nmDOwP6WX
Jeff Toyne,0Kn2XdAJZAaRKG1hESDyW9
Carles Cases,3loheRgrtvaQrdHHt6KQUk
Jack Baran,2MRhtCL4ejPYcmE9EE5YtN
Zethu Mashika,5He1X4RgcZuQ8J2LtstHvq
David Bertok,4pUdozZloGXueDV9VWkbwT
Guy Gross,7fhh9osgiRGbaGzs5BZ5Bo
Richard Evans,4AswZj1cwqBak2y6xXyJ28
Sean Johnson,16VwyZdaNKjbvBUoTKCdUu
Allyson Newman,6J7Vvqf52VKekeByTsXls7
Aurora Rochez,44xg6JqOZhZTFDZAigoNas
Marvin Hamlisch,1VN38ZSdtQnHLa8PfTTKZD
Goran Bregovic,491v9k5NTGBGanwqPNSkuS
Dara Taylor,6DXeA5nK5RwxNAs8a3nHLG
Ade Fenton,25JHD76ldB1K0pOvBTFoSy
Jimmy Weber,3YXV75oBakfmpqlsd3V3gZ
Lee Barbour,4Eyw3LP3eROKeesqtHtSzN
Redding Hunter,20rlFud91cSkD0CT1wGHqu
David Mason,2N2px6erFxuo7nnYgfNURG
Dave Klotz,4O87wbDWnKoh8h7Wq4Aq2T
Glenn Buhr,46Le1jJ4LMlIRstjny0y8v
David Ullmann,1rwKi72ZPiqSv279ePaohG
Thomas Kratz,0xVRPAZrLD3b53quxBkvAT
Benoit Grey,5uUPbUNckgE7F0U7v94qmi
Paddy Casey,3t61q4MDXG8a22cRCv1ghZ
Arthur Lange,2XH9kJG9Symv54GYgIWvcC
Piero Montanari,1Wd14bEJncNbGoErwkApWl
Daniel M. Cavanagh,5u3dSi1QqglYo6jxrwcZN4
Sid De La Cruz,19k3SnrMFsUzfkbQvCDjQo
Justin Wright,1po20hAqQTjVtHqG9PP3Oq
Mark Petrie,1JmpYoOoDOGPw3uUyqj9m6
Artie Shaw,5wam12nGWDBIrLDV78TNSF
Blair,5dllmwFsq4JlN1YK0f41Sm
Zain Effendi,2nU9TTYi4riWNjTlcdLD4F
Christopher Marianetti,6Z2QHffPks96DezhY2JhA7
Camille Rocailleux,4KvP9RZmjDi1EJ6YaOF2l9
Francis Lai,0Lf3tvw0Rzwr38KDrShstn
Lora Bidner,66C1xxYRQhkRXXw5Ix0Yct
Russ Whitelock,3CKtgPjl9YDe3h87rMBaNu
Chris Ridenhour,3blqzt0Usb4hu6VlmpIWfG
Hoba Hoba Spirit,2aZPgvcYQD2z4NIoO8x8Gi
Greg Sims,5Jkv8jirn40xbrkABcwIsG
Keith Power,1CY3FNIK3p5bqE0NYiFMi8
Arlon Ober,3cw0ITAqCG8g8Besc499jQ
Michael John Mollo,3CfpX57DRZXzCrmwuzEUBp
The Night Hobs,6MfIKB9KHZGzAAEz1Yx8Mh
Maarten Buning,6OLeKP0NiJqTOjH6hUI0Oi
Juanjo Javierre,6ki1SjC5brSSNrNJANWoJG
Steve Conte,5Uxss6P1MI2lX9vHvK76zK
Glenn Gregory,0bzGPa4FNUKVo6CE78yFXW
William Campbell,1fnZOtWxtyBxMqOmoVcrlr
Mark Leggett,1l9Zlzq18wS2stgLoFz2F7
Lior Ron,6UZrwnf8i7C6QZmvro2pkj
James Schafer,4o1yQsUjRLHqaZqPlpuSVs
Benedikt Brydern,3qIQD8OItZVcItGTBoiUBO
Federico Vaona,4W1DTB26g9SemwvGxUYuoo
Jay Israelson,3IpYaJOaD6ybFAMTZMvmlU
Armando Trovajoli,5PHOUKyz1tjA3vaDPIIVE0
Alex Lasarenko,3JNesEEu42wlK3Nf2DIJVF
Leoncio Lara,1FDoZpCdhgah7qOq7v5jOA
Jonathan Fletcher,0R7EFti9EqngprJIP7TCrn
Larry Juris,660phjWYQEeVXz0muixpk0
Marc Marder,5BhxBLGFmY6DIgvJZJDjjt
Milton DeLugg,0Bk53mfrp7TsBmXgPnlqJ1
Terry Plumeri,0Lvf7cJgPWbp8pJIqEUxtw
Craig Brandwynne,1Z8kwicUjuFPYjc3fHBUe5
Harry Sukman,0IIibD8q6j0xWG8sw6VNBB
Andre Fratto,6Vr5prB90f2wtQO8VB3cum
Andrew Joslyn,5dSCgfYs71v0zjg2AwUq9n
Peter Hinderthur,0sKE3iFLraAdO1mG3xrTAW
Benjamin Wynn,7p7zU3snVMYESfpoH8x3xO
Yann Tiersen,00sazWvoTLOqg5MFwC68Um
Franck Krawczyk,0ipMyMU3JIur63pY3inuZx
Michael Mollura,6aoHcZEQUp56tXrPddfboA
Kerry Muzzey,42ZxYNK8wmSwfkwV1oesGb
Jonathan Dinerstein,2CS9xFqhC5JP6cLyKOoBxx
Jeff Carruthers,68ZmEFmqzitC6ZU62fGG16
Peter Thomas,2MhPVBzM72QjbQPhybKjyr
Jim Papoulis,72LNknypeK7q8mPSMj8ZbK
Linus Lau,4uYEpcFHYG2SEVY98BrK3B
Durbeck & Dohmen,6tkVGYTlCthNiTWzPZRTWM
Roberto Cacciapaglia,359LKbZWLk6u3IpyNE2CQG
Bart Westerlaken,5uzsNFPFLd7bIWboKV4mRC
Ronnie Minder,6QPfltIMjMlz547Jlyow0j
Sulaiman Merchant,5UKqg6b73QgtOBjdZnQedK
Fabio Acri,4F4UrmY0eAdRNqpPiIWnnJ
Roger Taylor,2PZEd7yktruWruOqORRChA
Owen Smith,0Da3JYuxAKP8nqctCOZPkI
Neil Degraide,7N0jm9zS03ylYDZpSUVvwv
Dana Niu,3AYPFIPDQ5aUUZzQ9OsqEn
Michael Wetherwax,3LQpbiNFeZC6pEwDp6pDBC
Pino Donaggio,1M5wLoT4Yub4wWOZAcj7z0
Ed Grenga,3xRXg2VdSTes9J78rK9Ikc
Stacy Widelitz,7mSsem7z1BSrhaysJiCulE
Derek Baird,7sHCaZk4bPBVjClCRKQWZq
Bill Wandel,0zO7v8ZOyUbJE6UBPli0Jh
James Stonehouse,1duWJv1d4SmDdPbkwq73n5
Ted Savarese,59JYRuM241YulyI6oJo2Qf
Martin Landquist,0yWQrYCgN9eOqDJLlHLNv2
Alfredo Sirica,3519OYLmGClj5Ck7yGzHBX
Sam Lipman,4cVecJYcMy2JfemHNj2v1R
Marcello De Francisci,50cxojNr9EQcyLgrOhXujY
Yilin Zhang,6iphZ3CMIB5mLpSFBXHxMZ
Bennett Salvay,1lWGijAqSCPZNmxnq1Yv9O
Ben Toth,4UyhrqbotqTVu12QkpsQWg
Jake Anthony,2mE0ftXr2vOTGtq0tI64jr
Dimitris Kontopoulos,4Ojg6NMK8taJyNksHQmpbQ
Ting Si Hao,7KbZ6OVoiOZ1vVfruBdMxG
Michael Yezerski,4Gx8e7bdRJdkdhGGF5TNwg
Marc Adler,3zKMWbxHO9TnT1koUL4QZ2
Daniel Adam Day,2EfDTEmImJ1zvhJT5MH81x
Cody James,73BIIWzFMf1KW0V62AJFfU
Nitin Arora,74ZRAkTSSkBmORhtgHQqtD
David Tobocman,4QGxgIdKPBbzWwDmaB34Pw
Lionel Cohen,3xg5YtpxcmUYhDzNSFTEh9
Franco Micalizzi,7f37Vyx4s5Ok6R0Q11YzJP
Brad Fiedel,4GcS4MPc2DtgpYCeghy88O
Chris Fuller,5QMzGPQ6dHG5fttSkicANN
Akira Ifukube,08rPF2TyeladptG6Z2pYEe
Justin Slaughter,2BVZTfdn8eZl00lbbBSkEc
Lili Haydn,19wVkkHXBiTMrlEJ3vWKIm
Anton Berlin,7J9Fo9dMjGNYY8usNMietL
Benjamin Shielden,6zAeE236aKosqAnmCcsaQJ
Jerry Cohen,1kdFSHy4T8Zigbug6B44oP
Lawrence Shragge,37uExQe1rKVC0taSuqAVZO
Jonny Bell,5lJxPNfpriOEBYUc3iwZmJ
Alex Kharlamov,2Iq0VZUjmv90l5UkVBpwNK
Chris Tilton,0E7PdEWOAW6t5k9qKSwQxF
Stephen Melillo,0YQuyVq4N3TsK6p4H7JqwR
Edward Douglas,3oc5sqcrbePXDE2Rv8IST2
Charles Austin,7wrRPBoEQRZI8QUU8F98hL
Stephen Light,696TKnmFk1Jo2kaqZ9hJAb
Daniel Seguin,45vdOKWfFE6jCD47griywK
Marina Landa,66okkLiay2Lh07uDjZ8Hcs
Bruce Kiesling,0hG7R0QWYBYtNPIutIMNG2
John Gerard Walsh,3jyfcJb3vrrfXSRtrRIzP5
Kristian Brastein,5qzsl8NKVYNWhkYTgdFY2T
Piero Antolini,0kUdWX6NaSFTFU5HOCmvOn
Frederic Mauerhofer,59xQhUQ6pvhsMdkUtfUAeu
Tim Adams,16iuZANRzcO9KStBcMkeAC
Danny Lux,6ElqtIfQsAkEYypgfJIjeK
David N. Lawrence,3P6cWSvdkTEuvXdRsyuSTa
Gilad Benamram,6Ik5XMfcWMna9SmlzUv6n9
Manfred Plessl,0SeFpebTpwy8ZaO1NZpYqH
Sean Lennon,5JUYSPkis2Mk6HUbmMqk1m
Seth Asarnow,54KrAR0ttcUCeeA247eBkM
Dave Berg,6K3BucE7EiS3yTrh1fA9dM
Ted Dicks,5qHHt4YkYavlirzPspWVLx
Scott Gindele,1jiTX83CNe7zWzrgZdtTWo
Desmond Briscoe,7CgRPr8VvVPikSUhoxq9ev
Charles-Henri Avelange,0lk7ysNJ2vnpkRd1gT54cd
Albert Glasser,4VjSH9c0b13KQpdgCi6nTi
Claude Foisy,1CwFOcBSp2mvpANHWxgZ4B
Jonathan Bartz,0AbB4b3SMlb6bYhyFXJ9SG
David Arcus,5Tq1cLWGHFLObuEkNjINbd
Martin Carrillo,7FmPiOg6RKZ6twkVFeb5fo
Darius Holbert,1VV3zILPSdtwcToofULChp
Nicholas Carras,0wBQOu2dFCK8Vq3A7fgr5b
Michael Reola,5NHMDlQnNTi88gVUZgquHV
Brendan Dolan,4OUEopSDbWOfgdpXLqhBIK
Rod McKuen,62JorFOkIjXHHU7GMT9r77
Alessandro Alessandroni,6NXwJ5CEziDQrfimLpr7gZ
Olivier Deriviere,2CXwRGFTYdcEAI44NT7qDR
Frankie Blue Sposato,77I9verjD2gMH4HJ0cccuM
Kirpatrick Thomas,3NmuXvIBH8Cg9Cl68oNfWl
Don Godwin,0KiySInbyvtb5DsN7jqfe1
Jerry Grant,43FnyuX60HT5IkLwGqni2X
Edin Solis,1YbySB4QIg04ICswICk7cY
Olivier Auriol,6OaG313GVjaJTBNwXzzHks
Richard LaSalle,3nfrInatN2eTYp7o5eK0uu
Sage Lewis,427U9w07QZJWaKwmhWWxKy
Midnight Syndicate,5hgOjk7FGUwJvo1J3oDK9R
D.D. Jackson,01u7BVdgU7EmjtBPHVvQSV
Freddie Perren,70Q1hGbTxHJYRqEvTYeoOw
Robert Burger,7106JMHJxV5jS84aegmR8N
Cheryl B. Engelhardt,2IG41RF72NqonaFf0XL8p9
Franchot Tone,1TEmOvJO5qmvj5sPIwH13T
Himesh Reshammiya,0sSxphmGskGCKlwB9xa6WU
Jeff D. Anderson,6gM3DEsVLVrErkBwEnthBg
Russ Huddleston,0Sao9sqX5qjfUmDw37ArN4
Steve Steckler,4yAUf9aHwuJWIGoY9LrsCg
John Cameron,18ouJo7j7egCFOsRdCTcUk
Matthew A.C. Cohen,6tLxVHfh6BEskHzvimKXFA
Matthew Wayne Murray,3irt3aabmzi4ak3mkWkO7u
Don Banks,2PxRkCg0zVoDkg7dQ1ElaP
Christopher Burke,6hmGRJwD2HjFd09VnjtraB
Kris Bendrick,6XzajlP7Y0Krzl7t2gMgC0
William Alwyn,33yO64zQ3GSPwEC6ok4BDP
Stefan Will,13lXH1jLe2FyqLxDeDT0Bp
Paul Hertzog,409cI7liPsNtYwPyKLln7d
Michael Futreal,3SqwVvlsPmU4v5dgdWXolt
Vincent Mai,7fUa64UhNpSU0Ohov0i6Q4
James Gelfand,5QsKi7vqCrZnCT0zUMWLRK
Brain Mantia,2zi1HcyQkRi66i6CLRMkep
Vohn Regensburger,4k8XeXNM0XqwhEMQepibZY
Steve Booke,1WHnAL7JQwPQ0EcMQItHXQ
Benjamin Weinman,2M9KADIl468WMzzRK8ZuCg
Sunna Wehrmeijer,6lmxVPqd9G6iOMnYEEQ94Z
Panu Aaltio,5sCoVcHMuOyIxhwrr0ZUoN
Will Berman,22tvkU91Vuone2rlxB7GyN
Ted Howe,2di9VZJifvyGXY7GvMGeEL
Jamie Dunlap,0WEqg6N1dIcwXDXsD9fviT
Sundar C Babu,2ZBMhU2xbBH3G4dEGGjsfo
Axel Herrera,1c62Pjadn1lElSMdqxqzpI
Orville Stoeber,5RGyeSFEt5SjFvmnORb96h
Patrick Seymour,4w8M7lhrHcGNrSAXVcoy2S
Tim Johnson,3LXZFguH1X7PCUC8wRWleo
Luis Perez,1njDUvTLxvzE1QO8wN39eT
Olivier Giacomotto,5tIMc0MdfB2OV6sULOmeao
Jeff Ali,6Vfx15dheUDsTPCCXY2nBb
Didier Lean Rachou,6nawsYpiPVMcEKLuCWxMmV
Aleksi Aubry-Carlson,3kl0lYsypB1T8zybtHHqkP
Mark Mancina,4pVaQcaBqbvk0ucB4r65e3
Sandesh Shandilya,6AwwLwgIsTIXZ8kHWaZUj5
Alan Derian,0JzbHCXodS9qDRlEoXuUkU
Patric Caird,2XWqmWUOlUV1dY52FwbKCF
Emilio Larocca Conte,4ii3AQqbnyGcCMPUlNR0yH
Bruce Chianese,5n3pyWuLhMNWpph52Sh6qs
Joshua Myers,1FQGePXxXMNJaNe6gOeodY
Gary Chang,1i79SxvK1HQXJ21I1tFDM5
Chris J. Nairn,2d2vBvWvcR6LC7anGm8ZTJ
Patrick Wilson,0z5nxdz5osD8FsmaUDmfC0
Ram Khatabakhsh,6yYdk1C9DPrNqg1wlCEIey
Larry Cohen,6AvmXR2eSwcGv0q3Ls03gY
Pierre Takal,5deRJKa95v1fryPRS7yPrU
Michel Corriveau,3ijULZP2kn2VBIe9LdbzNY
Jean-Pascal Beintus,0Y9NJcrLJW3i2MavpQXoOV
Gianni Ferrio,2Ia7HKF0YVV0IGkgeQWeDX
Veigar Margeirsson,49qXLlcq9i5zOpvCAo9hVF
Billy May,45Z2ShPqr2p9ZgfkYhZUgq
Daniel Ross,2N7DBqf05DIw5tqKLRAUq4
Ciaran Hope,2ziDovAWtRwYDWePxwplsb
Jurgen Beck,1gO94vILTIoFmXdAl1ybys
Andrew Kawczynski,35BsHSiq6tNWrLiFcIeXcu
Richard Bodgers,2YHbE1sgxEIIpufRQZHPEQ
Emanuele Frusi,3gxxQcRRMEL6haWPuSdpl1
Samuel Joshua,4uUrCSWmFOWchYK7Yy5tuS
Fritz Myers,1fZYgCGMYsAnGqSVCMGdZv
Luigi Pulcini,0OwXJ35IUKjT0P3kHE44yh
Paul Cartledge,6h75nuSZ9PmK0oTSPkkZhL
Jillian Abood,6avGXJeeW5IabiQrHHnNE3
Greg Martin,7HpgEr6OW9MsT2xTLaSUKe
Tony Longworth,3UXvNkOYAq94D1ZrSqUrd3
Halfdan E,5fU4VotlJZs8KNlOhOAPsX
Daniel Offermann,2VIYWzYY3aL11lyPZ5hWNf
Keith Lay,79WVHfPz6NehWubOqTV5w3
Bethesda,0vBaWnUnT7SHDxPKutCETY
Angelo Francesco Lavagnino,3HJ3b7itrWRQypXMwJA0gc
Kim Planert,0ITJakTI1W7Wd7qRZEb3PU
Harrison Mountan,0lh2m5Ii1umpsb37URFLJ6
Kevin McDaniels,2H4EYwPQrpzimAIfCTE0VA
Mikey Rukus,6UHIXc8kzGIgNIg7eOBLLJ
James Grundler,4QLkThCkdmLcbasQsVQMby
Gregory Reeves,5NcWcJTj15IQq0Q6WLqChu
Steven Hughes,6QvBqUOBMq8ZMp3rU2ZBml
Tom Ashton,3G4sBfHKeWfyWuBR1YDStp
Cyril Hahn,4EFMHRFpgrpfp0AVEBp4m2
James Oliver,46sPnntikibBCqAAMLCZBz
Morton Gould,27vUIN5n6wAIoug4KMJZHp
Ouseppachan,5wq0asvXF4jyJs8ydPPFzR
Mark Delany,5sL49m7AM4DYI6polBp2Nf
Steve Nolan,63JorSrdjesVxz7FDnYs4k
Nicholas Jacobson-Larson,5bxAxguecHDpBJ2T8btnaH
John S. Rad,78sEozQOEJxzXegUuqRSgH
Yuzo Koshiro,2e5j2AHVM9srnFD0Lev7TO
Jeff Mercel,0rWio3rpHYS1PW7kLRWXA1
Bertie Higgins,4qzZ6bMrjK27yHGVjs4Pvq
Serouj Kradjian,6MXrlgCcMTT0xOUz9ORz3j
Garry Schyman,1YuZMruVps9jS4T0WftHP8
Michael Sauter,1KWl2vGZPlDxP8h84r5hND
Carmen Rizzo,4CUEVzEFJhHioxFP7yy1dd
James Bartlett,6zWfzjBaMu0anAw2kHMW0O
Sean Fernald,0aalePDWg9OLvDUSCf23ek
Kazuma Jinnouchi,2UM9kTNJPoOHuN4yeDT54i
Amartya Rahut,3JLI7ajpeIxTTnbVeJQcBd
Laurence Rosenthal,2Ei4fFhWaeVWx4qbvSw5KP
John Petersen,1zxcCoLVfxYnYWQhE0IqtX
Steve Crompton,2R7tHQWkagIPO2hEY9DEqh
Shawn K. Clement,4qwC91XpeH5LSSvMaWV9h1
Kyle Hildenbrand,4fl2aNSxuoWlJcDcP0lkaQ
Andrea Bonini,5etr7J0jeUtEHpIActUEEc
Bruce Faulconer,4v8t3NhJwK3vWAKF8IamXX
R.S. Mani,6vzafF8algDujC7SWvc8IV
Stephen Main,4HthgxxFAN8PPt90KOIAiu
Bruce Fowler,5UIYVmIt5ktD8hfTGgvwQp
Ronnie Garrett,6e7ie1q6D7xMhmji5p7buF
Matthew Llewellyn,0sx1jIY97TWwXNtB78PYEu
Dario Lanzellotti,5LdMBJT4BhKmJ6BFC8osR4
Eduard Artemev,0MiJVAtMX8g494r2i1FDwm
Olav Oyehaug,5ffvLE0lhhB98USYm83b19
C. Spencer Yeh,739zlec63MOZe6EkhF2BJA
Hugo Friedhofer,1oQg1ritjU9ESAioz8ufYW
Nedy John Cross,3nX9UT3DNvMmFWJfJTeWCT
Mark Flint,6YrRjzVG86DIt9bZZqaMki
David Wurst,3l0okKgCvO7vTJ5qcesBlK
Calvin Markus,4T6dQZaG1QBhGyvW1EHDXO
Michael Shields,66ALZbmGCs7puO8xH4eMbA
Larry Brown,5aWRegaLrR9xbOpLekgcu0
Norman Orenstein,5YIC4ScB6a51wRzNr8XBEa
Chris Morgan,40n0HESbOmwGQh401vtbWM
John Parish,1UAM4fJFTeyMZbhTVUKiXk
Vic Mizzy,30Vw5pqdpoPBHNVeT5Eknv
Frank White,6nKWjBeNisMh5O1IHL8qcb
Scott Tobin,05DdimNx3D4kwCeOEx756D
Alejandro Urrutia,34XRmr4nlFeBBKv79YeZKS
Aleksandar Dimitrijevic,6zRPnHLutADMg25cuMOEmy
Sonia Rutstein,1JN9t1eSgbYu9rYPMYYasq
Andrew Kaiser,1uBBwpI9QiRbV4My4wyQoW
Kirk Bailey,7MBvFWwcBASjQICO48zyJj
Gene Micofsky,1HmqT9zlwXdfJgJONmki1p
Tim Nowack,6A2Lm5QBn45gIIrzvbKaZG
Andrew Markus,3pA8COLqaclgqIetRy1nsZ
Dennis Dreith,2GAz78gfKTBPVH97G1B9Xo
Christian Wood,1qxW3w5b9Xf0v4H5osm5Ge
Lorenz Dangel,0NRmJjd0MVItn17pbeWY6k
Paul Conte,1kyGiBwd8U55fAakEoMLS0
Max Steiner,3llWEEOW2xNfiKsXXWjrwl
Wolfmen of Mars,3ssxQbtb8AhJa2I2GXqFrO
Dharam Sandeep,1MWgxzhSu9rm4Wivr8wz7f
Markus Ojala,6hAbJbNi9up5oDdaPQuA8L
Roberto Nicolosi,67xebuvbB89c5NaXqwZ47x
Benedetto Ghiglia,33uuaCmTfbnPCwBTSFZBwP
Matteo Zingales,5JBSihOSKuCYdZ4jVP52V1
Jacques Urbont,3Ajw8l0yPqyC3b10GxSrBM
Henrik Astrom,3tGqKdS1NQNwmlVO5SdkGN
Mark Knopfler,0FI0kxP0BWurTz8cB8BBug
Kevin Kliesch,3ODCTTDuJFmDnSaZ9VpuxB
Richard M. Sherman,13Namx9iwUl1a57CcELGTb
Frank Churchill,5HxxQWbYtQSFMKTjx9LPtZ
Leopold Stokowski,52sDxFX9DvIxUupTy8f1yx
Oliver Wallace,497FibW7265st1H0UfpGb2
Kenny Ascher,1uFb4PH7pLN5NTuf13aF3D
Wendy Carlos,5MmXZQUGs0eXP5PV79iKrB
Daft Punk,4tZwfgrHOc3mvqYlEYSvVi
George Bruns,5T60shnsXD8hlLRDsbvFoO
Mogwai,34UhPkLbtFKRq3nmfFgejG
Stephen J. Anderson,7M7mZnF1ArJovmSQWWcDty
Joel McNeely,59UCaDN9qLklKVTxSiEyMV
Paul J. Smith,3g6RWqrG0tt6oXPMLP2WE5
Phil Collins,4lxfqrEsLX6N1N4OCSkILp
Ed Plumb,7j2CfxxfzMXf4cVlA8QJSO
Nicholas Hooper,6S9bLkEZSVIcY18RNcNG50
J.A.C. Redford,12SZOUcX7wqG0xugqIu4HH
Carl Johnson,0eM8CQVh6KRjm5Vpe03bsR
Matthew Gerrard,5xcG8KUTU7SKNuxd6Kf3tx
The Cinematic Orchestra,32ogthv0BdaSMPml02X9YB
Eliot Daniel,1JJIETHHYL6tPiN1CPiIvx
John Van Tongeren,0ImFtJhveZbOfutfDjVBR3
Mark Watters,1BKhdAolebQUVwfDGyQpfk
Michael Tavera,64UxiLpUesMPeHypn5jdZF
Buddy Baker,4yUAT1Do55lGQQh8VQOHKf
Christopher Tyng,72ZEnTn1vD4hXxydUIz0oP
